# WaveFront *.obj file (generated by Autodesk ATF)

mtllib 8x64s casing.mtl

g Solide1

v -6.000000 0.000000 0.000000
v -6.000000 0.000000 1.000000
v -6.000000 0.000000 3.000000
v -6.000000 0.000000 51.999998
v -5.868886 -1.247470 0.000000
v -5.868886 -1.247470 1.000000
v -5.868886 -1.247470 3.000000
v -5.868886 -1.247470 51.999998
v -5.868886 1.247470 0.000000
v -5.868886 1.247470 1.000000
v -5.868886 1.247470 3.000000
v -5.868886 1.247470 51.999998
v -5.850000 0.000000 4.000000
v -5.850000 0.000000 51.999998
v -5.722163 -1.216283 4.000000
v -5.722163 -1.216283 51.999998
v -5.722163 1.216283 4.000000
v -5.722163 1.216283 51.999998
v -5.481273 -2.440420 0.000000
v -5.481273 -2.440420 1.000000
v -5.481273 -2.440420 3.000000
v -5.481273 -2.440420 51.999998
v -5.481273 2.440420 0.000000
v -5.481273 2.440420 1.000000
v -5.481273 2.440420 3.000000
v -5.481273 2.440420 51.999998
v -5.344241 -2.379409 4.000000
v -5.344241 -2.379409 51.999998
v -5.344241 2.379409 4.000000
v -5.344241 2.379409 51.999998
v -5.000000 0.000000 1.000000
v -5.000000 0.000000 2.000000
v -4.874640 -1.112605 1.000000
v -4.874640 -1.112605 2.000000
v -4.874640 1.112605 1.000000
v -4.874640 1.112605 2.000000
v -4.854102 -3.526711 0.000000
v -4.854102 -3.526711 1.000000
v -4.854102 -3.526711 3.000000
v -4.854102 -3.526711 51.999998
v -4.854102 3.526711 0.000000
v -4.854102 3.526711 1.000000
v -4.854102 3.526711 3.000000
v -4.854102 3.526711 51.999998
v -4.732749 -3.438544 4.000000
v -4.732749 -3.438544 51.999998
v -4.732749 3.438544 4.000000
v -4.732749 3.438544 51.999998
v -4.504844 -2.169419 1.000000
v -4.504844 -2.169419 2.000000
v -4.504844 2.169419 1.000000
v -4.504844 2.169419 2.000000
v -4.500000 0.000000 55.999999
v -4.500000 0.000000 65.000000
v -4.387500 0.000000 55.900002
v -4.369238 -1.076920 55.999999
v -4.369238 -1.076920 65.000000
v -4.369238 1.076920 55.999999
v -4.369238 1.076920 65.000000
v -4.350000 0.000000 55.999999
v -4.350000 0.000000 65.000000
v -4.291623 -0.912213 55.900002
v -4.291623 0.912213 55.900002
v -4.223597 -1.041023 55.999999
v -4.223597 -1.041023 65.000000
v -4.223597 1.041023 55.999999
v -4.223597 1.041023 65.000000
v -4.014784 -4.458869 0.000000
v -4.014784 -4.458869 1.000000
v -4.014784 -4.458869 3.000000
v -4.014784 -4.458869 51.999998
v -4.014784 4.458869 0.000000
v -4.014784 4.458869 1.000000
v -4.014784 4.458869 3.000000
v -4.014784 4.458869 51.999998
v -4.008181 -1.784557 55.900002
v -4.008181 1.784557 55.900002
v -3.984552 -2.091254 55.999999
v -3.984552 -2.091254 65.000000
v -3.984552 2.091254 55.999999
v -3.984552 2.091254 65.000000
v -3.914414 -4.347397 4.000000
v -3.914414 -4.347397 51.999998
v -3.914414 4.347397 4.000000
v -3.914414 4.347397 51.999998
v -3.909158 -3.117449 1.000000
v -3.909158 -3.117449 2.000000
v -3.909158 3.117449 1.000000
v -3.909158 3.117449 2.000000
v -3.851734 -2.021546 55.999999
v -3.851734 -2.021546 65.000000
v -3.851734 2.021546 55.999999
v -3.851734 2.021546 65.000000
v -3.549562 -2.578908 55.900002
v -3.549562 2.578908 55.900002
v -3.368298 -2.984052 55.999999
v -3.368298 -2.984052 65.000000
v -3.368298 2.984052 55.999999
v -3.368298 2.984052 65.000000
v -3.256022 -2.884583 55.999999
v -3.256022 -2.884583 65.000000
v -3.256022 2.884583 55.999999
v -3.256022 2.884583 65.000000
v -3.117449 -3.909158 1.000000
v -3.117449 -3.909158 2.000000
v -3.117449 3.909158 1.000000
v -3.117449 3.909158 2.000000
v -3.000000 -5.196152 0.000000
v -3.000000 -5.196152 1.000000
v -3.000000 -5.196152 3.000000
v -3.000000 -5.196152 51.999998
v -3.000000 0.000000 0.000000
v -3.000000 0.000000 1.000000
v -3.000000 5.196152 0.000000
v -3.000000 5.196152 1.000000
v -3.000000 5.196152 3.000000
v -3.000000 5.196152 51.999998
v -2.935810 -3.260548 55.900002
v -2.935810 3.260548 55.900002
v -2.925000 -5.066249 4.000000
v -2.925000 -5.066249 51.999998
v -2.925000 5.066249 4.000000
v -2.925000 5.066249 51.999998
v -2.866718 -0.884266 0.000000
v -2.866718 -0.884266 1.000000
v -2.866718 0.884266 0.000000
v -2.866718 0.884266 1.000000
v -2.556291 -3.703427 55.999999
v -2.556291 -3.703427 65.000000
v -2.556291 3.703427 55.999999
v -2.556291 3.703427 65.000000
v -2.500000 0.000000 0.000000
v -2.500000 0.000000 1.000000
v -2.478716 -1.689960 0.000000
v -2.478716 -1.689960 1.000000
v -2.478716 1.689960 0.000000
v -2.478716 1.689960 1.000000
v -2.471082 -3.579980 55.999999
v -2.471082 -3.579980 65.000000
v -2.471082 3.579980 55.999999
v -2.471082 3.579980 65.000000
v -2.377641 -0.772543 0.000000
v -2.377641 -0.772543 1.000000
v -2.377641 0.772543 0.000000
v -2.377641 0.772543 1.000000
v -2.193750 -3.799686 55.900002
v -2.193750 3.799686 55.900002
v -2.169419 -4.504844 1.000000
v -2.169419 -4.504844 2.000000
v -2.169419 4.504844 1.000000
v -2.169419 4.504844 2.000000
v -2.022543 -1.469463 0.000000
v -2.022543 -1.469463 1.000000
v -2.022543 1.469463 0.000000
v -2.022543 1.469463 1.000000
v -1.870469 -2.345494 0.000000
v -1.870469 -2.345494 1.000000
v -1.870469 2.345494 0.000000
v -1.870469 2.345494 1.000000
v -1.854102 -5.706339 0.000000
v -1.854102 -5.706339 1.000000
v -1.854102 -5.706339 3.000000
v -1.854102 -5.706339 51.999998
v -1.854102 5.706339 0.000000
v -1.854102 5.706339 1.000000
v -1.854102 5.706339 3.000000
v -1.854102 5.706339 51.999998
v -1.807749 -5.563681 4.000000
v -1.807749 -5.563681 51.999998
v -1.807749 5.563681 4.000000
v -1.807749 5.563681 51.999998
v -1.595722 -4.207573 55.999999
v -1.595722 -4.207573 65.000000
v -1.595722 4.207573 55.999999
v -1.595722 4.207573 65.000000
v -1.542531 -4.067321 55.999999
v -1.542531 -4.067321 65.000000
v -1.542531 4.067321 55.999999
v -1.542531 4.067321 65.000000
v -1.469463 -2.022543 0.000000
v -1.469463 -2.022543 1.000000
v -1.469463 2.022543 0.000000
v -1.469463 2.022543 1.000000
v -1.355812 -4.172761 55.900002
v -1.355812 4.172761 55.900002
v -1.112605 -4.874640 1.000000
v -1.112605 -4.874640 2.000000
v -1.112605 4.874640 1.000000
v -1.112605 4.874640 2.000000
v -1.096023 -2.792621 0.000000
v -1.096023 -2.792621 1.000000
v -1.096023 2.792621 0.000000
v -1.096023 2.792621 1.000000
v -0.800000 -0.274013 0.000000
v -0.772543 -2.377641 0.000000
v -0.772543 -2.377641 1.000000
v -0.772543 2.377641 0.000000
v -0.772543 2.377641 1.000000
v -0.747906 -0.274013 0.004558
v -0.673003 -0.706526 0.000000
v -0.673003 0.158500 0.000000
v -0.662237 -0.621582 0.004558
v -0.662237 0.073556 0.004558
v -0.627171 -5.967131 0.000000
v -0.627171 -5.967131 1.000000
v -0.627171 -5.967131 3.000000
v -0.627171 -5.967131 51.999998
v -0.627171 5.967131 0.000000
v -0.627171 5.967131 1.000000
v -0.627171 5.967131 3.000000
v -0.627171 5.967131 51.999998
v -0.611492 -5.817953 4.000000
v -0.611492 -5.817953 51.999998
v -0.611492 5.817953 4.000000
v -0.611492 5.817953 51.999998
v -0.570187 -0.274013 0.107164
v -0.542415 -4.467190 55.999999
v -0.542415 -4.467190 65.000000
v -0.542415 4.467190 55.999999
v -0.542415 4.467190 65.000000
v -0.524335 -4.318283 55.999999
v -0.524335 -4.318283 65.000000
v -0.524335 4.318283 55.999999
v -0.524335 4.318283 65.000000
v -0.504875 -0.538992 0.107164
v -0.504196 -0.273604 0.250000
v -0.504875 -0.009034 0.107164
v -0.464981 -0.465673 0.250000
v -0.464856 -0.081409 0.250000
v -0.458619 -4.363465 55.900002
v -0.458619 4.363465 55.900002
v -0.449872 -0.273648 0.378009
v -0.424859 -0.889527 0.004558
v -0.424859 0.341501 0.004558
v -0.410966 -0.439515 0.385317
v -0.411602 -0.109516 0.385317
v -0.372016 -0.423829 0.429129
v -0.372592 -0.125107 0.429129
v -0.356354 -0.629737 0.250000
v -0.355947 0.082598 0.250000
v -0.343664 -0.273734 0.467771
v -0.332332 -1.001719 0.000000
v -0.332332 0.453692 0.000000
v -0.323903 -0.743268 0.107164
v -0.323903 0.195241 0.107164
v -0.321302 0.032069 0.385317
v -0.318911 -0.582178 0.385317
v -0.290850 0.003060 0.429129
v -0.288686 -0.552971 0.429129
v -0.248819 -0.374216 0.493693
v -0.249204 -0.174418 0.493693
v -0.224190 -2.991611 0.000000
v -0.224190 -2.991611 1.000000
v -0.224190 2.991611 0.000000
v -0.224190 2.991611 1.000000
v -0.208392 -0.273844 0.500000
v -0.194532 -0.088696 0.493693
v -0.193077 -0.739665 0.250000
v -0.193084 -0.460591 0.493693
v -0.192184 -0.353229 0.500000
v -0.192132 -0.194407 0.500000
v -0.192171 0.191861 0.250000
v -0.184651 0.129731 0.385317
v -0.180021 -0.679951 0.385317
v -0.167151 0.091465 0.429129
v -0.162959 -0.641478 0.429129
v -0.147287 -0.421039 0.500000
v -0.147118 -0.126620 0.500000
v -0.111797 -0.029567 0.493693
v -0.108994 -0.519788 0.493693
v -0.090150 -1.016466 0.004558
v -0.090150 0.468439 0.004558
v -0.079802 -0.466474 0.500000
v -0.079427 -0.081460 0.500000
v -0.068728 -0.840042 0.107164
v -0.068728 0.292016 0.107164
v -0.021761 0.169396 0.385317
v -0.019699 0.127372 0.429129
v -0.014719 -0.717808 0.385317
v -0.013324 -0.675747 0.429129
v -0.013175 -0.005551 0.493693
v -0.008912 -0.542709 0.493693
v 0.000000 -5.000000 1.000000
v 0.000000 -5.000000 2.000000
v 0.000000 -2.500000 0.000000
v 0.000000 -2.500000 1.000000
v -0.000360 -0.778131 0.250000
v -0.000149 -0.482373 0.500000
v 0.000262 -0.065682 0.500000
v 0.000634 0.230035 0.250000
v 0.000000 2.500000 0.000000
v 0.000000 2.500000 1.000000
v 0.000000 5.000000 1.000000
v 0.000000 5.000000 2.000000
v 0.079658 -0.466544 0.500000
v 0.080084 -0.081694 0.500000
v 0.087536 -0.019823 0.493693
v 0.102761 -0.522459 0.493693
v 0.113852 -1.065870 0.000000
v 0.113852 0.517844 0.000000
v 0.130878 0.106033 0.429129
v 0.144581 0.145824 0.385317
v 0.147357 -0.421360 0.500000
v 0.147571 -0.126873 0.500000
v 0.153641 -0.645471 0.429129
v 0.169727 -0.684362 0.385317
v 0.175585 -0.070376 0.493693
v 0.192729 -0.739834 0.250000
v 0.192533 -0.353758 0.500000
v 0.192628 -0.194545 0.500000
v 0.193760 0.191294 0.250000
v 0.196508 -0.457556 0.493693
v 0.202191 -0.807147 0.107164
v 0.202191 0.259121 0.107164
v 0.208392 -0.274013 0.500000
v 0.238562 -0.150035 0.493693
v 0.254787 -0.359996 0.493693
v 0.262522 0.030451 0.429129
v 0.265211 -0.973317 0.004558
v 0.265211 0.425291 0.004558
v 0.267550 -0.247145 0.493693
v 0.290008 0.062328 0.385317
v 0.293805 -0.548433 0.429129
v 0.324566 -0.577165 0.385317
v 0.356525 -0.630512 0.250000
v 0.356680 -0.088650 0.429129
v 0.357041 0.081986 0.250000
v 0.380939 -0.402569 0.429129
v 0.394024 -0.069242 0.385317
v 0.400021 -0.233842 0.429129
v 0.420823 -0.416029 0.385317
v 0.426791 -0.652117 0.107164
v 0.426791 0.104091 0.107164
v 0.441902 -0.229636 0.385317
v 0.458619 -4.363465 55.900002
v 0.458619 4.363465 55.900002
v 0.465826 -0.466953 0.250000
v 0.466056 -0.081743 0.250000
v 0.504196 -0.274013 0.250000
v 0.524335 -4.318283 55.999999
v 0.524335 -4.318283 65.000000
v 0.523889 -0.878613 0.000000
v 0.523889 0.330587 0.000000
v 0.524335 4.318283 55.999999
v 0.524335 4.318283 65.000000
v 0.542415 -4.467190 55.999999
v 0.542415 -4.467190 65.000000
v 0.542415 4.467190 55.999999
v 0.542415 4.467190 65.000000
v 0.553618 -0.410468 0.107164
v 0.553618 -0.137559 0.107164
v 0.559815 -0.769966 0.004558
v 0.559815 0.221940 0.004558
v 0.611492 -5.817953 4.000000
v 0.611492 -5.817953 51.999998
v 0.611492 5.817953 4.000000
v 0.611492 5.817953 51.999998
v 0.627171 -5.967131 0.000000
v 0.627171 -5.967131 1.000000
v 0.627171 -5.967131 3.000000
v 0.627171 -5.967131 51.999998
v 0.627171 5.967131 0.000000
v 0.627171 5.967131 1.000000
v 0.627171 5.967131 3.000000
v 0.627171 5.967131 51.999998
v 0.667563 -2.924784 0.000000
v 0.667563 -2.924784 1.000000
v 0.667563 2.924784 0.000000
v 0.667563 2.924784 1.000000
v 0.726173 -0.452999 0.004558
v 0.726173 -0.095028 0.004558
v 0.767594 -0.499399 0.000000
v 0.767594 -0.048627 0.000000
v 0.772543 -2.377641 0.000000
v 0.772543 -2.377641 1.000000
v 0.772543 2.377641 0.000000
v 0.772543 2.377641 1.000000
v 1.112605 -4.874640 1.000000
v 1.112605 -4.874640 2.000000
v 1.112605 4.874640 1.000000
v 1.112605 4.874640 2.000000
v 1.355812 -4.172761 55.900002
v 1.355812 4.172761 55.900002
v 1.469463 -2.022543 0.000000
v 1.469463 -2.022543 1.000000
v 1.469463 2.022543 0.000000
v 1.469463 2.022543 1.000000
v 1.500000 -2.598076 0.000000
v 1.500000 -2.598076 1.000000
v 1.500000 2.598076 0.000000
v 1.500000 2.598076 1.000000
v 1.542531 -4.067321 55.999999
v 1.542531 -4.067321 65.000000
v 1.542531 4.067321 55.999999
v 1.542531 4.067321 65.000000
v 1.595722 -4.207573 55.999999
v 1.595722 -4.207573 65.000000
v 1.595722 4.207573 55.999999
v 1.595722 4.207573 65.000000
v 1.807749 -5.563681 4.000000
v 1.807749 -5.563681 51.999998
v 1.807749 5.563681 4.000000
v 1.807749 5.563681 51.999998
v 1.854102 -5.706339 0.000000
v 1.854102 -5.706339 1.000000
v 1.854102 -5.706339 3.000000
v 1.854102 -5.706339 51.999998
v 1.854102 5.706339 0.000000
v 1.854102 5.706339 1.000000
v 1.854102 5.706339 3.000000
v 1.854102 5.706339 51.999998
v 2.022543 -1.469463 0.000000
v 2.022543 -1.469463 1.000000
v 2.022543 1.469463 0.000000
v 2.022543 1.469463 1.000000
v 2.169419 -4.504844 1.000000
v 2.169419 -4.504844 2.000000
v 2.169419 4.504844 1.000000
v 2.169419 4.504844 2.000000
v 2.193750 -3.799686 55.900002
v 2.193750 3.799686 55.900002
v 2.199156 -2.040518 0.000000
v 2.199156 -2.040518 1.000000
v 2.199156 2.040518 0.000000
v 2.199156 2.040518 1.000000
v 2.377641 -0.772543 0.000000
v 2.377641 -0.772543 1.000000
v 2.377641 0.772543 0.000000
v 2.377641 0.772543 1.000000
v 2.471082 -3.579980 55.999999
v 2.471082 -3.579980 65.000000
v 2.471082 3.579980 55.999999
v 2.471082 3.579980 65.000000
v 2.500000 0.000000 0.000000
v 2.500000 0.000000 1.000000
v 2.556291 -3.703427 55.999999
v 2.556291 -3.703427 65.000000
v 2.556291 3.703427 55.999999
v 2.556291 3.703427 65.000000
v 2.702907 -1.301651 0.000000
v 2.702907 -1.301651 1.000000
v 2.702907 1.301651 0.000000
v 2.702907 1.301651 1.000000
v 2.925000 -5.066249 4.000000
v 2.925000 -5.066249 51.999998
v 2.925000 5.066249 4.000000
v 2.925000 5.066249 51.999998
v 2.935810 -3.260548 55.900002
v 2.935810 3.260548 55.900002
v 2.966492 -0.447127 0.000000
v 2.966492 -0.447127 1.000000
v 2.966492 0.447127 0.000000
v 2.966492 0.447127 1.000000
v 3.000000 -5.196152 0.000000
v 3.000000 -5.196152 1.000000
v 3.000000 -5.196152 3.000000
v 3.000000 -5.196152 51.999998
v 3.000000 5.196152 0.000000
v 3.000000 5.196152 1.000000
v 3.000000 5.196152 3.000000
v 3.000000 5.196152 51.999998
v 3.117449 -3.909158 1.000000
v 3.117449 -3.909158 2.000000
v 3.117449 3.909158 1.000000
v 3.117449 3.909158 2.000000
v 3.256022 -2.884583 55.999999
v 3.256022 -2.884583 65.000000
v 3.256022 2.884583 55.999999
v 3.256022 2.884583 65.000000
v 3.368298 -2.984052 55.999999
v 3.368298 -2.984052 65.000000
v 3.368298 2.984052 55.999999
v 3.368298 2.984052 65.000000
v 3.549562 -2.578908 55.900002
v 3.549562 2.578908 55.900002
v 3.851734 -2.021546 55.999999
v 3.851734 -2.021546 65.000000
v 3.851734 2.021546 55.999999
v 3.851734 2.021546 65.000000
v 3.909158 -3.117449 1.000000
v 3.909158 -3.117449 2.000000
v 3.909158 3.117449 1.000000
v 3.909158 3.117449 2.000000
v 3.914414 -4.347397 4.000000
v 3.914414 -4.347397 51.999998
v 3.914414 4.347397 4.000000
v 3.914414 4.347397 51.999998
v 3.984552 -2.091254 55.999999
v 3.984552 -2.091254 65.000000
v 3.984552 2.091254 55.999999
v 3.984552 2.091254 65.000000
v 4.008181 -1.784557 55.900002
v 4.008181 1.784557 55.900002
v 4.014784 -4.458869 0.000000
v 4.014784 -4.458869 1.000000
v 4.014784 -4.458869 3.000000
v 4.014784 -4.458869 51.999998
v 4.014784 4.458869 0.000000
v 4.014784 4.458869 1.000000
v 4.014784 4.458869 3.000000
v 4.014784 4.458869 51.999998
v 4.223597 -1.041023 55.999999
v 4.223597 -1.041023 65.000000
v 4.223597 1.041023 55.999999
v 4.223597 1.041023 65.000000
v 4.291623 -0.912213 55.900002
v 4.291623 0.912213 55.900002
v 4.350000 0.000000 55.999999
v 4.350000 0.000000 65.000000
v 4.369238 -1.076920 55.999999
v 4.369238 -1.076920 65.000000
v 4.369238 1.076920 55.999999
v 4.369238 1.076920 65.000000
v 4.387500 0.000000 55.900002
v 4.500000 0.000000 55.999999
v 4.500000 0.000000 65.000000
v 4.504844 -2.169419 1.000000
v 4.504844 -2.169419 2.000000
v 4.504844 2.169419 1.000000
v 4.504844 2.169419 2.000000
v 4.732749 -3.438544 4.000000
v 4.732749 -3.438544 51.999998
v 4.732749 3.438544 4.000000
v 4.732749 3.438544 51.999998
v 4.854102 -3.526711 0.000000
v 4.854102 -3.526711 1.000000
v 4.854102 -3.526711 3.000000
v 4.854102 -3.526711 51.999998
v 4.854102 3.526711 0.000000
v 4.854102 3.526711 1.000000
v 4.854102 3.526711 3.000000
v 4.854102 3.526711 51.999998
v 4.874640 -1.112605 1.000000
v 4.874640 -1.112605 2.000000
v 4.874640 1.112605 1.000000
v 4.874640 1.112605 2.000000
v 5.000000 0.000000 1.000000
v 5.000000 0.000000 2.000000
v 5.344241 -2.379409 4.000000
v 5.344241 -2.379409 51.999998
v 5.344241 2.379409 4.000000
v 5.344241 2.379409 51.999998
v 5.481273 -2.440420 0.000000
v 5.481273 -2.440420 1.000000
v 5.481273 -2.440420 3.000000
v 5.481273 -2.440420 51.999998
v 5.481273 2.440420 0.000000
v 5.481273 2.440420 1.000000
v 5.481273 2.440420 3.000000
v 5.481273 2.440420 51.999998
v 5.722163 -1.216283 4.000000
v 5.722163 -1.216283 51.999998
v 5.722163 1.216283 4.000000
v 5.722163 1.216283 51.999998
v 5.850000 0.000000 4.000000
v 5.850000 0.000000 51.999998
v 5.868886 -1.247470 0.000000
v 5.868886 -1.247470 1.000000
v 5.868886 -1.247470 3.000000
v 5.868886 -1.247470 51.999998
v 5.868886 1.247470 0.000000
v 5.868886 1.247470 1.000000
v 5.868886 1.247470 3.000000
v 5.868886 1.247470 51.999998
v 6.000000 0.000000 0.000000
v 6.000000 0.000000 1.000000
v 6.000000 0.000000 3.000000
v 6.000000 0.000000 51.999998
vt 0.427200 0.000000 0.000000
vt 0.427200 0.123247 0.000000
vt 0.427200 0.246494 0.000000
vt 0.427200 0.369741 0.000000
vt 0.427200 0.492988 0.000000
vt 0.427200 0.616235 0.000000
vt 0.427200 0.739483 0.000000
vt 0.427200 0.862730 0.000000
vt 0.427200 0.985977 0.000000
vt 0.427200 1.109224 0.000000
vt 0.427200 1.232471 0.000000
vt 0.427200 1.355718 0.000000
vt 0.427200 1.478965 0.000000
vt 0.427200 -1.602212 0.000000
vt 0.427200 -1.478965 0.000000
vt 0.427200 -1.355718 0.000000
vt 0.427200 -1.232471 0.000000
vt 0.427200 -1.109224 0.000000
vt 0.427200 -0.985977 0.000000
vt 0.427200 -0.862730 0.000000
vt 0.427200 -0.739483 0.000000
vt 0.427200 -0.616235 0.000000
vt 0.427200 -0.492988 0.000000
vt 0.427200 -0.369741 0.000000
vt 0.427200 -0.246494 0.000000
vt 0.427200 -0.123247 0.000000
vt 0.000000 0.000000 0.000000
vt 0.000000 -0.106814 0.000000
vt 0.000000 -0.213628 0.000000
vt 0.000000 -0.320442 0.000000
vt 0.000000 -0.427257 0.000000
vt 0.000000 -0.534071 0.000000
vt 0.000000 -0.640885 0.000000
vt 0.000000 -0.747699 0.000000
vt 0.000000 -0.854513 0.000000
vt 0.000000 -0.961327 0.000000
vt 0.000000 -1.068141 0.000000
vt 0.000000 -1.174956 0.000000
vt 0.000000 -1.281770 0.000000
vt 0.000000 -1.388584 0.000000
vt 0.000000 -1.495398 0.000000
vt 0.000000 1.602212 0.000000
vt 0.000000 1.495398 0.000000
vt 0.000000 1.388584 0.000000
vt 0.000000 1.281770 0.000000
vt 0.000000 1.174956 0.000000
vt 0.000000 1.068141 0.000000
vt 0.000000 0.961327 0.000000
vt 0.000000 0.854513 0.000000
vt 0.000000 0.747699 0.000000
vt 0.000000 0.640885 0.000000
vt 0.000000 0.534071 0.000000
vt 0.000000 0.427257 0.000000
vt 0.000000 0.320442 0.000000
vt 0.000000 0.213628 0.000000
vt 0.000000 0.106814 0.000000
vt 0.416520 1.602212 0.000000
vt 0.416520 -0.854513 0.000000
vt 0.416520 0.747699 0.000000
vt 0.416520 0.106814 0.000000
vt 0.416520 0.000000 0.000000
vt 0.416520 0.213628 0.000000
vt 0.416520 0.320442 0.000000
vt 0.416520 0.427257 0.000000
vt 0.416520 0.534071 0.000000
vt 0.416520 0.640885 0.000000
vt 0.416520 0.961327 0.000000
vt 0.416520 0.854513 0.000000
vt 0.416520 1.068141 0.000000
vt 0.416520 1.174956 0.000000
vt 0.416520 1.281770 0.000000
vt 0.416520 1.388584 0.000000
vt 0.416520 1.495398 0.000000
vt 0.416520 -1.495398 0.000000
vt 0.416520 -1.388584 0.000000
vt 0.416520 -1.281770 0.000000
vt 0.416520 -1.174956 0.000000
vt 0.416520 -1.068141 0.000000
vt 0.416520 -0.961327 0.000000
vt 0.416520 -0.640885 0.000000
vt 0.416520 -0.747699 0.000000
vt 0.416520 -0.534071 0.000000
vt 0.416520 -0.427257 0.000000
vt 0.416520 -0.320442 0.000000
vt 0.416520 -0.213628 0.000000
vt 0.416520 -0.106814 0.000000
vt 0.427200 1.602212 0.000000
vt 0.416520 -1.602212 0.000000
vt 0.427200 1.602212 0.000000
vt 0.000000 1.709026 0.000000
vt 0.416520 -1.602212 0.000000
vt 0.585000 0.000000 0.000000
vt 0.572216 0.121628 0.000000
vt 0.534424 0.237941 0.000000
vt 0.473275 0.343854 0.000000
vt 0.391441 0.434740 0.000000
vt 0.292500 0.506625 0.000000
vt 0.180775 0.556368 0.000000
vt 0.061149 0.581795 0.000000
vt -0.061149 0.581795 0.000000
vt -0.180775 0.556368 0.000000
vt -0.292500 0.506625 0.000000
vt -0.391441 0.434740 0.000000
vt -0.473275 0.343854 0.000000
vt -0.534424 0.237941 0.000000
vt -0.572216 0.121628 0.000000
vt -0.585000 0.000000 0.000000
vt -0.572216 -0.121628 0.000000
vt -0.534424 -0.237941 0.000000
vt -0.473275 -0.343854 0.000000
vt -0.391441 -0.434740 0.000000
vt -0.292500 -0.506625 0.000000
vt -0.180775 -0.556368 0.000000
vt -0.061149 -0.581795 0.000000
vt 0.061149 -0.581795 0.000000
vt 0.180775 -0.556368 0.000000
vt 0.292500 -0.506625 0.000000
vt 0.391441 -0.434740 0.000000
vt 0.473275 -0.343854 0.000000
vt 0.534424 -0.237941 0.000000
vt 0.572216 -0.121628 0.000000
vt 0.900000 0.000000 0.000000
vt 0.900000 0.105123 0.000000
vt 0.900000 0.210245 0.000000
vt 0.900000 0.315368 0.000000
vt 0.900000 0.420490 0.000000
vt 0.900000 0.525613 0.000000
vt 0.900000 0.630735 0.000000
vt 0.900000 0.735858 0.000000
vt 0.900000 0.840980 0.000000
vt 0.900000 0.946103 0.000000
vt 0.900000 1.051225 0.000000
vt 0.900000 1.156348 0.000000
vt 0.900000 1.261470 0.000000
vt 0.900000 -1.366593 0.000000
vt 0.900000 -1.261470 0.000000
vt 0.900000 -1.156348 0.000000
vt 0.900000 -1.051225 0.000000
vt 0.900000 -0.946103 0.000000
vt 0.900000 -0.840980 0.000000
vt 0.900000 -0.735858 0.000000
vt 0.900000 -0.630735 0.000000
vt 0.900000 -0.525613 0.000000
vt 0.900000 -0.420490 0.000000
vt 0.900000 -0.315368 0.000000
vt 0.900000 -0.210245 0.000000
vt 0.900000 -0.105123 0.000000
vt 0.000000 1.366593 0.000000
vt 0.000000 1.261470 0.000000
vt 0.000000 1.156348 0.000000
vt 0.000000 1.051225 0.000000
vt 0.000000 0.946103 0.000000
vt 0.000000 0.840980 0.000000
vt 0.000000 0.735858 0.000000
vt 0.000000 0.630735 0.000000
vt 0.000000 0.525613 0.000000
vt 0.000000 0.420490 0.000000
vt 0.000000 0.315368 0.000000
vt 0.000000 0.210245 0.000000
vt 0.000000 0.105123 0.000000
vt 0.000000 0.000000 0.000000
vt 0.000000 -0.105123 0.000000
vt 0.000000 -0.210245 0.000000
vt 0.000000 -0.315368 0.000000
vt 0.000000 -0.420490 0.000000
vt 0.000000 -0.525613 0.000000
vt 0.000000 -0.630735 0.000000
vt 0.000000 -0.735858 0.000000
vt 0.000000 -0.840980 0.000000
vt 0.000000 -0.946103 0.000000
vt 0.000000 -1.051225 0.000000
vt 0.000000 -1.156348 0.000000
vt 0.000000 -1.261470 0.000000
vt 0.000000 -1.366593 0.000000
vt 0.900000 1.366593 0.000000
vt -0.900000 1.413717 0.000000
vt -0.900000 1.304969 0.000000
vt -0.900000 1.196222 0.000000
vt -0.900000 1.087474 0.000000
vt -0.900000 0.978727 0.000000
vt -0.900000 0.869979 0.000000
vt -0.900000 0.761232 0.000000
vt -0.900000 0.652485 0.000000
vt -0.900000 0.543737 0.000000
vt -0.900000 0.434990 0.000000
vt -0.900000 0.326242 0.000000
vt -0.900000 0.217495 0.000000
vt -0.900000 0.108747 0.000000
vt -0.900000 0.000000 0.000000
vt -0.900000 -0.108747 0.000000
vt -0.900000 -0.217495 0.000000
vt -0.900000 -0.326242 0.000000
vt -0.900000 -0.434990 0.000000
vt -0.900000 -0.543737 0.000000
vt -0.900000 -0.652485 0.000000
vt -0.900000 -0.761232 0.000000
vt -0.900000 -0.869979 0.000000
vt -0.900000 -0.978727 0.000000
vt -0.900000 -1.087474 0.000000
vt -0.900000 -1.196222 0.000000
vt -0.900000 -1.304969 0.000000
vt -0.000000 -1.413717 0.000000
vt -0.000000 -1.304969 0.000000
vt -0.000000 -1.196222 0.000000
vt -0.000000 -1.087474 0.000000
vt -0.000000 -0.978727 0.000000
vt -0.000000 -0.869979 0.000000
vt -0.000000 -0.761232 0.000000
vt -0.000000 -0.652485 0.000000
vt -0.000000 -0.543737 0.000000
vt -0.000000 -0.434990 0.000000
vt -0.000000 -0.326242 0.000000
vt -0.000000 -0.217495 0.000000
vt -0.000000 -0.108747 0.000000
vt -0.000000 0.000000 0.000000
vt -0.000000 0.108747 0.000000
vt -0.000000 0.217495 0.000000
vt -0.000000 0.326242 0.000000
vt -0.000000 0.434990 0.000000
vt -0.000000 0.543737 0.000000
vt -0.000000 0.652485 0.000000
vt -0.000000 0.761232 0.000000
vt -0.000000 0.869979 0.000000
vt -0.000000 0.978727 0.000000
vt -0.000000 1.087474 0.000000
vt -0.000000 1.196222 0.000000
vt -0.000000 1.304969 0.000000
vt -0.000000 1.413717 0.000000
vt -0.900000 -1.413717 0.000000
vt 0.435000 0.000000 0.000000
vt 0.422360 -0.104102 0.000000
vt 0.385173 -0.202155 0.000000
vt 0.325602 -0.288458 0.000000
vt 0.247108 -0.357998 0.000000
vt 0.154253 -0.406732 0.000000
vt 0.052433 -0.431828 0.000000
vt -0.052433 -0.431828 0.000000
vt -0.154253 -0.406732 0.000000
vt -0.247108 -0.357998 0.000000
vt -0.325602 -0.288458 0.000000
vt -0.385173 -0.202155 0.000000
vt -0.422360 -0.104102 0.000000
vt -0.435000 0.000000 0.000000
vt -0.422360 0.104102 0.000000
vt -0.385173 0.202155 0.000000
vt -0.325602 0.288458 0.000000
vt -0.247108 0.357998 0.000000
vt -0.154253 0.406732 0.000000
vt -0.052433 0.431828 0.000000
vt 0.052433 0.431828 0.000000
vt 0.154253 0.406732 0.000000
vt 0.247108 0.357998 0.000000
vt 0.325602 0.288458 0.000000
vt 0.385173 0.202155 0.000000
vt 0.422360 0.104102 0.000000
vt 0.450000 0.000000 0.000000
vt 0.436924 0.107692 0.000000
vt 0.398455 0.209125 0.000000
vt 0.336830 0.298405 0.000000
vt 0.255629 0.370343 0.000000
vt 0.159572 0.420757 0.000000
vt 0.054242 0.446719 0.000000
vt -0.054242 0.446719 0.000000
vt -0.159572 0.420757 0.000000
vt -0.255629 0.370343 0.000000
vt -0.336830 0.298405 0.000000
vt -0.398455 0.209125 0.000000
vt -0.436924 0.107692 0.000000
vt -0.450000 0.000000 0.000000
vt -0.436924 -0.107692 0.000000
vt -0.398455 -0.209125 0.000000
vt -0.336830 -0.298405 0.000000
vt -0.255629 -0.370343 0.000000
vt -0.159572 -0.420757 0.000000
vt -0.054242 -0.446719 0.000000
vt 0.054242 -0.446719 0.000000
vt 0.159572 -0.420757 0.000000
vt 0.255629 -0.370343 0.000000
vt 0.336830 -0.298405 0.000000
vt 0.398455 -0.209125 0.000000
vt 0.436924 -0.107692 0.000000
vt -0.000000 0.000000 0.000000
vt -0.000000 0.109956 0.000000
vt -0.000000 0.219911 0.000000
vt -0.000000 0.329867 0.000000
vt -0.000000 0.439823 0.000000
vt -0.000000 0.549779 0.000000
vt -0.000000 0.659734 0.000000
vt -0.000000 0.769690 0.000000
vt -0.000000 0.879646 0.000000
vt -0.000000 0.989602 0.000000
vt -0.000000 1.099557 0.000000
vt -0.000000 1.209513 0.000000
vt -0.000000 1.319469 0.000000
vt -0.000000 1.429425 0.000000
vt -0.000000 1.539380 0.000000
vt -0.000000 -1.649336 0.000000
vt -0.000000 -1.539380 0.000000
vt -0.000000 -1.429425 0.000000
vt -0.000000 -1.319469 0.000000
vt -0.000000 -1.209513 0.000000
vt -0.000000 -1.099557 0.000000
vt -0.000000 -0.989602 0.000000
vt -0.000000 -0.879646 0.000000
vt -0.000000 -0.769690 0.000000
vt -0.000000 -0.659734 0.000000
vt -0.000000 -0.549779 0.000000
vt -0.000000 -0.439823 0.000000
vt -0.000000 -0.329867 0.000000
vt -0.000000 -0.219911 0.000000
vt -0.000000 -0.109956 0.000000
vt -0.427200 1.649336 0.000000
vt -0.427200 1.522464 0.000000
vt -0.427200 1.395592 0.000000
vt -0.427200 1.268720 0.000000
vt -0.427200 1.141848 0.000000
vt -0.427200 1.014976 0.000000
vt -0.427200 0.888104 0.000000
vt -0.427200 0.761232 0.000000
vt -0.427200 0.634360 0.000000
vt -0.427200 0.507488 0.000000
vt -0.427200 0.380616 0.000000
vt -0.427200 0.253744 0.000000
vt -0.427200 0.126872 0.000000
vt -0.427200 0.000000 0.000000
vt -0.427200 -0.126872 0.000000
vt -0.427200 -0.253744 0.000000
vt -0.427200 -0.380616 0.000000
vt -0.427200 -0.507488 0.000000
vt -0.427200 -0.634360 0.000000
vt -0.427200 -0.761232 0.000000
vt -0.427200 -0.888104 0.000000
vt -0.427200 -1.014976 0.000000
vt -0.427200 -1.141848 0.000000
vt -0.427200 -1.268720 0.000000
vt -0.427200 -1.395592 0.000000
vt -0.427200 -1.522464 0.000000
vt -0.000000 1.649336 0.000000
vt -0.427200 -1.649336 0.000000
vt -0.427200 -1.649336 0.000000
vt -0.100000 0.000000 0.000000
vt -0.100000 -0.112200 0.000000
vt -0.100000 -0.224399 0.000000
vt -0.100000 -0.336599 0.000000
vt -0.100000 -0.448799 0.000000
vt -0.100000 -0.560999 0.000000
vt -0.100000 -0.673198 0.000000
vt -0.100000 -0.785398 0.000000
vt -0.100000 -0.897598 0.000000
vt -0.100000 -1.009798 0.000000
vt -0.100000 -1.121997 0.000000
vt -0.100000 -1.234197 0.000000
vt -0.100000 -1.346397 0.000000
vt -0.100000 -1.458597 0.000000
vt -0.100000 1.570796 0.000000
vt -0.100000 1.458597 0.000000
vt -0.100000 1.346397 0.000000
vt -0.100000 1.234197 0.000000
vt -0.100000 1.121997 0.000000
vt -0.100000 1.009798 0.000000
vt -0.100000 0.897598 0.000000
vt -0.100000 0.785398 0.000000
vt -0.100000 0.673198 0.000000
vt -0.100000 0.560999 0.000000
vt -0.100000 0.448799 0.000000
vt -0.100000 0.336599 0.000000
vt -0.100000 0.224399 0.000000
vt -0.100000 0.112200 0.000000
vt -0.000000 -1.570796 0.000000
vt -0.000000 -1.458597 0.000000
vt -0.000000 -1.346397 0.000000
vt -0.000000 -1.234197 0.000000
vt -0.000000 -1.121997 0.000000
vt -0.000000 -1.009798 0.000000
vt -0.000000 -0.897598 0.000000
vt -0.000000 -0.785398 0.000000
vt -0.000000 -0.673198 0.000000
vt -0.000000 -0.560999 0.000000
vt -0.000000 -0.448799 0.000000
vt -0.000000 -0.336599 0.000000
vt -0.000000 -0.224399 0.000000
vt -0.000000 -0.112200 0.000000
vt -0.000000 0.000000 0.000000
vt -0.000000 0.112200 0.000000
vt -0.000000 0.224399 0.000000
vt -0.000000 0.336599 0.000000
vt -0.000000 0.448799 0.000000
vt -0.000000 0.560999 0.000000
vt -0.000000 0.673198 0.000000
vt -0.000000 0.785398 0.000000
vt -0.000000 0.897598 0.000000
vt -0.000000 1.009798 0.000000
vt -0.000000 1.121997 0.000000
vt -0.000000 1.234197 0.000000
vt -0.000000 1.346397 0.000000
vt -0.000000 1.458597 0.000000
vt -0.000000 1.570796 0.000000
vt -0.100000 -1.570796 0.000000
vt -4.900001 0.000000 0.000000
vt -4.900001 -0.125664 0.000000
vt -4.900001 -0.251327 0.000000
vt -4.900001 -0.376991 0.000000
vt -4.900001 -0.502655 0.000000
vt -4.900001 -0.628319 0.000000
vt -4.900001 -0.753982 0.000000
vt -4.900001 -0.879646 0.000000
vt -4.900001 -1.005310 0.000000
vt -4.900001 -1.130973 0.000000
vt -4.900001 -1.256637 0.000000
vt -4.900001 -1.382301 0.000000
vt -4.900001 -1.507965 0.000000
vt -4.900001 -1.633628 0.000000
vt -4.900001 -1.759292 0.000000
vt -4.900001 1.884956 0.000000
vt -4.900001 1.759292 0.000000
vt -4.900001 1.633628 0.000000
vt -4.900001 1.507965 0.000000
vt -4.900001 1.382301 0.000000
vt -4.900001 1.256637 0.000000
vt -4.900001 1.130973 0.000000
vt -4.900001 1.005310 0.000000
vt -4.900001 0.879646 0.000000
vt -4.900001 0.753982 0.000000
vt -4.900001 0.628319 0.000000
vt -4.900001 0.502655 0.000000
vt -4.900001 0.376991 0.000000
vt -4.900001 0.251327 0.000000
vt -4.900001 0.125664 0.000000
vt -0.000000 0.000000 0.000000
vt -0.000000 0.125664 0.000000
vt -0.000000 0.251327 0.000000
vt -0.000000 0.376991 0.000000
vt -0.000000 0.502655 0.000000
vt -0.000000 0.628319 0.000000
vt -0.000000 0.753982 0.000000
vt -0.000000 0.879646 0.000000
vt -0.000000 1.005310 0.000000
vt -0.000000 1.130973 0.000000
vt -0.000000 1.256637 0.000000
vt -0.000000 1.382301 0.000000
vt -0.000000 1.507965 0.000000
vt -0.000000 1.633628 0.000000
vt -0.000000 1.759292 0.000000
vt -0.000000 -1.884956 0.000000
vt -0.000000 -1.759292 0.000000
vt -0.000000 -1.633628 0.000000
vt -0.000000 -1.507965 0.000000
vt -0.000000 -1.382301 0.000000
vt -0.000000 -1.256637 0.000000
vt -0.000000 -1.130973 0.000000
vt -0.000000 -1.005310 0.000000
vt -0.000000 -0.879646 0.000000
vt -0.000000 -0.753982 0.000000
vt -0.000000 -0.628319 0.000000
vt -0.000000 -0.502655 0.000000
vt -0.000000 -0.376991 0.000000
vt -0.000000 -0.251327 0.000000
vt -0.000000 -0.125664 0.000000
vt -0.000000 1.884956 0.000000
vt -4.900001 -1.884956 0.000000
vt 0.070711 -1.727876 0.000000
vt 0.070711 -1.612684 0.000000
vt 0.070711 -1.497493 0.000000
vt 0.070711 -1.382301 0.000000
vt 0.070711 -1.267109 0.000000
vt 0.070711 -1.151917 0.000000
vt 0.070711 -1.036726 0.000000
vt 0.070711 -0.921534 0.000000
vt 0.070711 -0.806342 0.000000
vt 0.070711 -0.691150 0.000000
vt 0.070711 -0.575959 0.000000
vt 0.070711 -0.460767 0.000000
vt 0.070711 -0.345575 0.000000
vt 0.070711 -0.230383 0.000000
vt 0.070711 -0.115192 0.000000
vt 0.070711 0.000000 0.000000
vt 0.070711 0.115192 0.000000
vt 0.070711 0.230383 0.000000
vt 0.070711 0.345575 0.000000
vt 0.070711 0.460767 0.000000
vt 0.070711 0.575959 0.000000
vt 0.070711 0.691150 0.000000
vt 0.070711 0.806342 0.000000
vt 0.070711 0.921534 0.000000
vt 0.070711 1.036726 0.000000
vt 0.070711 1.151917 0.000000
vt 0.070711 1.267109 0.000000
vt 0.070711 1.382301 0.000000
vt 0.070711 1.497493 0.000000
vt 0.070711 1.612684 0.000000
vt -0.070711 1.727876 0.000000
vt -0.070711 1.604456 0.000000
vt -0.070711 1.481037 0.000000
vt -0.070711 1.357617 0.000000
vt -0.070711 1.234197 0.000000
vt -0.070711 1.110777 0.000000
vt -0.070711 0.987358 0.000000
vt -0.070711 0.863938 0.000000
vt -0.070711 0.740518 0.000000
vt -0.070711 0.617099 0.000000
vt -0.070711 0.493679 0.000000
vt -0.070711 0.370259 0.000000
vt -0.070711 0.246839 0.000000
vt -0.070711 0.123420 0.000000
vt -0.070711 0.000000 0.000000
vt -0.070711 -0.123420 0.000000
vt -0.070711 -0.246839 0.000000
vt -0.070711 -0.370259 0.000000
vt -0.070711 -0.493679 0.000000
vt -0.070711 -0.617099 0.000000
vt -0.070711 -0.740518 0.000000
vt -0.070711 -0.863938 0.000000
vt -0.070711 -0.987358 0.000000
vt -0.070711 -1.110777 0.000000
vt -0.070711 -1.234197 0.000000
vt -0.070711 -1.357617 0.000000
vt -0.070711 -1.481037 0.000000
vt -0.070711 -1.604456 0.000000
vt 0.070711 1.727876 0.000000
vt -0.070711 -1.727876 0.000000
vt -0.070711 -1.727876 0.000000
vt -0.100000 1.884956 0.000000
vt -0.100000 1.759292 0.000000
vt -0.100000 1.633628 0.000000
vt -0.100000 1.507965 0.000000
vt -0.100000 1.382301 0.000000
vt -0.100000 1.256637 0.000000
vt -0.100000 1.130973 0.000000
vt -0.100000 1.005310 0.000000
vt -0.100000 0.879646 0.000000
vt -0.100000 0.753982 0.000000
vt -0.100000 0.628319 0.000000
vt -0.100000 0.502655 0.000000
vt -0.100000 0.376991 0.000000
vt -0.100000 0.251327 0.000000
vt -0.100000 0.125664 0.000000
vt -0.100000 0.000000 0.000000
vt -0.100000 -0.125664 0.000000
vt -0.100000 -0.251327 0.000000
vt -0.100000 -0.376991 0.000000
vt -0.100000 -0.502655 0.000000
vt -0.100000 -0.628319 0.000000
vt -0.100000 -0.753982 0.000000
vt -0.100000 -0.879646 0.000000
vt -0.100000 -1.005310 0.000000
vt -0.100000 -1.130973 0.000000
vt -0.100000 -1.256637 0.000000
vt -0.100000 -1.382301 0.000000
vt -0.100000 -1.507965 0.000000
vt -0.100000 -1.633628 0.000000
vt -0.100000 -1.759292 0.000000
vt -0.000000 -1.884956 0.000000
vt -0.000000 -1.759292 0.000000
vt -0.000000 -1.633628 0.000000
vt -0.000000 -1.507965 0.000000
vt -0.000000 -1.382301 0.000000
vt -0.000000 -1.256637 0.000000
vt -0.000000 -1.130973 0.000000
vt -0.000000 -1.005310 0.000000
vt -0.000000 -0.879646 0.000000
vt -0.000000 -0.753982 0.000000
vt -0.000000 -0.628319 0.000000
vt -0.000000 -0.502655 0.000000
vt -0.000000 -0.376991 0.000000
vt -0.000000 -0.251327 0.000000
vt -0.000000 -0.125664 0.000000
vt -0.000000 0.000000 0.000000
vt -0.000000 0.125664 0.000000
vt -0.000000 0.251327 0.000000
vt -0.000000 0.376991 0.000000
vt -0.000000 0.502655 0.000000
vt -0.000000 0.628319 0.000000
vt -0.000000 0.753982 0.000000
vt -0.000000 0.879646 0.000000
vt -0.000000 1.005310 0.000000
vt -0.000000 1.130973 0.000000
vt -0.000000 1.256637 0.000000
vt -0.000000 1.382301 0.000000
vt -0.000000 1.507965 0.000000
vt -0.000000 1.633628 0.000000
vt -0.000000 1.759292 0.000000
vt -0.000000 1.884956 0.000000
vt -0.100000 -1.884956 0.000000
vt 0.300000 0.000000 0.000000
vt 0.286672 -0.088427 0.000000
vt 0.247872 -0.168996 0.000000
vt 0.187047 -0.234549 0.000000
vt 0.109602 -0.279262 0.000000
vt 0.022419 -0.299161 0.000000
vt -0.066756 -0.292478 0.000000
vt -0.150000 -0.259808 0.000000
vt -0.219916 -0.204052 0.000000
vt -0.270291 -0.130165 0.000000
vt -0.296649 -0.044713 0.000000
vt -0.296649 0.044713 0.000000
vt -0.270291 0.130165 0.000000
vt -0.219916 0.204052 0.000000
vt -0.150000 0.259808 0.000000
vt -0.066756 0.292478 0.000000
vt 0.022419 0.299161 0.000000
vt 0.109602 0.279262 0.000000
vt 0.187047 0.234549 0.000000
vt 0.247872 0.168996 0.000000
vt 0.286672 0.088427 0.000000
vt -0.600000 0.000000 0.000000
vt -0.586889 -0.124747 0.000000
vt -0.548127 -0.244042 0.000000
vt -0.485410 -0.352671 0.000000
vt -0.401478 -0.445887 0.000000
vt -0.300000 -0.519615 0.000000
vt -0.185410 -0.570634 0.000000
vt -0.062717 -0.596713 0.000000
vt 0.062717 -0.596713 0.000000
vt 0.185410 -0.570634 0.000000
vt 0.300000 -0.519615 0.000000
vt 0.401478 -0.445887 0.000000
vt 0.485410 -0.352671 0.000000
vt 0.548127 -0.244042 0.000000
vt 0.586889 -0.124747 0.000000
vt 0.600000 0.000000 0.000000
vt 0.586889 0.124747 0.000000
vt 0.548127 0.244042 0.000000
vt 0.485410 0.352671 0.000000
vt 0.401478 0.445887 0.000000
vt 0.300000 0.519615 0.000000
vt 0.185410 0.570634 0.000000
vt 0.062717 0.596713 0.000000
vt -0.062717 0.596713 0.000000
vt -0.185410 0.570634 0.000000
vt -0.300000 0.519615 0.000000
vt -0.401478 0.445887 0.000000
vt -0.485410 0.352671 0.000000
vt -0.548127 0.244042 0.000000
vt -0.586889 0.124747 0.000000
vt 0.500000 0.000000 0.000000
vt 0.487464 -0.111260 0.000000
vt 0.450484 -0.216942 0.000000
vt 0.390916 -0.311745 0.000000
vt 0.311745 -0.390916 0.000000
vt 0.216942 -0.450484 0.000000
vt 0.111260 -0.487464 0.000000
vt 0.000000 -0.500000 0.000000
vt -0.111260 -0.487464 0.000000
vt -0.216942 -0.450484 0.000000
vt -0.311745 -0.390916 0.000000
vt -0.390916 -0.311745 0.000000
vt -0.450484 -0.216942 0.000000
vt -0.487464 -0.111260 0.000000
vt -0.500000 0.000000 0.000000
vt -0.487464 0.111260 0.000000
vt -0.450484 0.216942 0.000000
vt -0.390916 0.311745 0.000000
vt -0.311745 0.390916 0.000000
vt -0.216942 0.450484 0.000000
vt -0.111260 0.487464 0.000000
vt 0.000000 0.500000 0.000000
vt 0.111260 0.487464 0.000000
vt 0.216942 0.450484 0.000000
vt 0.311745 0.390916 0.000000
vt 0.390916 0.311745 0.000000
vt 0.450484 0.216942 0.000000
vt 0.487464 0.111260 0.000000
vt 0.600000 0.000000 0.000000
vt 0.586889 0.124747 0.000000
vt 0.548127 0.244042 0.000000
vt 0.485410 0.352671 0.000000
vt 0.401478 0.445887 0.000000
vt 0.300000 0.519615 0.000000
vt 0.185410 0.570634 0.000000
vt 0.062717 0.596713 0.000000
vt -0.062717 0.596713 0.000000
vt -0.185410 0.570634 0.000000
vt -0.300000 0.519615 0.000000
vt -0.401478 0.445887 0.000000
vt -0.485410 0.352671 0.000000
vt -0.548127 0.244042 0.000000
vt -0.586889 0.124747 0.000000
vt -0.600000 0.000000 0.000000
vt -0.586889 -0.124747 0.000000
vt -0.548127 -0.244042 0.000000
vt -0.485410 -0.352671 0.000000
vt -0.401478 -0.445887 0.000000
vt -0.300000 -0.519615 0.000000
vt -0.185410 -0.570634 0.000000
vt -0.062717 -0.596713 0.000000
vt 0.062717 -0.596713 0.000000
vt 0.185410 -0.570634 0.000000
vt 0.300000 -0.519615 0.000000
vt 0.401478 -0.445887 0.000000
vt 0.485410 -0.352671 0.000000
vt 0.548127 -0.244042 0.000000
vt 0.586889 -0.124747 0.000000
vt 4.800000 -1.837832 0.000000
vt 4.800000 -1.715310 0.000000
vt 4.800000 -1.592788 0.000000
vt 4.800000 -1.470265 0.000000
vt 4.800000 -1.347743 0.000000
vt 4.800000 -1.225221 0.000000
vt 4.800000 -1.102699 0.000000
vt 4.800000 -0.980177 0.000000
vt 4.800000 -0.857655 0.000000
vt 4.800000 -0.735133 0.000000
vt 4.800000 -0.612611 0.000000
vt 4.800000 -0.490088 0.000000
vt 4.800000 -0.367566 0.000000
vt 4.800000 -0.245044 0.000000
vt 4.800000 -0.122522 0.000000
vt 4.800000 0.000000 0.000000
vt 4.800000 0.122522 0.000000
vt 4.800000 0.245044 0.000000
vt 4.800000 0.367566 0.000000
vt 4.800000 0.490088 0.000000
vt 4.800000 0.612611 0.000000
vt 4.800000 0.735133 0.000000
vt 4.800000 0.857655 0.000000
vt 4.800000 0.980177 0.000000
vt 4.800000 1.102699 0.000000
vt 4.800000 1.225221 0.000000
vt 4.800000 1.347743 0.000000
vt 4.800000 1.470265 0.000000
vt 4.800000 1.592788 0.000000
vt 4.800000 1.715310 0.000000
vt 0.000000 0.000000 0.000000
vt 0.000000 -0.122522 0.000000
vt 0.000000 -0.245044 0.000000
vt 0.000000 -0.367566 0.000000
vt 0.000000 -0.490088 0.000000
vt 0.000000 -0.612611 0.000000
vt 0.000000 -0.735133 0.000000
vt 0.000000 -0.857655 0.000000
vt 0.000000 -0.980177 0.000000
vt 0.000000 -1.102699 0.000000
vt 0.000000 -1.225221 0.000000
vt 0.000000 -1.347743 0.000000
vt 0.000000 -1.470265 0.000000
vt 0.000000 -1.592788 0.000000
vt 0.000000 -1.715310 0.000000
vt 0.000000 1.837832 0.000000
vt 0.000000 1.715310 0.000000
vt 0.000000 1.592788 0.000000
vt 0.000000 1.470265 0.000000
vt 0.000000 1.347743 0.000000
vt 0.000000 1.225221 0.000000
vt 0.000000 1.102699 0.000000
vt 0.000000 0.980177 0.000000
vt 0.000000 0.857655 0.000000
vt 0.000000 0.735133 0.000000
vt 0.000000 0.612611 0.000000
vt 0.000000 0.490088 0.000000
vt 0.000000 0.367566 0.000000
vt 0.000000 0.245044 0.000000
vt 0.000000 0.122522 0.000000
vt 0.000000 -1.837832 0.000000
vt 4.800000 1.837832 0.000000
vt 0.100000 -0.942478 0.000000
vt 0.100000 -0.852718 0.000000
vt 0.100000 -0.762958 0.000000
vt 0.100000 -0.673198 0.000000
vt 0.100000 -0.583439 0.000000
vt 0.100000 -0.493679 0.000000
vt 0.100000 -0.403919 0.000000
vt 0.100000 -0.314159 0.000000
vt 0.100000 -0.224399 0.000000
vt 0.100000 -0.134640 0.000000
vt 0.100000 -0.044880 0.000000
vt 0.100000 0.044880 0.000000
vt 0.100000 0.134640 0.000000
vt 0.100000 0.224399 0.000000
vt 0.100000 0.314159 0.000000
vt 0.100000 0.403919 0.000000
vt 0.100000 0.493679 0.000000
vt 0.100000 0.583439 0.000000
vt 0.100000 0.673198 0.000000
vt 0.100000 0.762958 0.000000
vt 0.100000 0.852718 0.000000
vt 0.000000 0.942478 0.000000
vt 0.000000 0.852718 0.000000
vt 0.000000 0.762958 0.000000
vt 0.000000 0.673198 0.000000
vt 0.000000 0.583439 0.000000
vt 0.000000 0.493679 0.000000
vt 0.000000 0.403919 0.000000
vt 0.000000 0.314159 0.000000
vt 0.000000 0.224399 0.000000
vt 0.000000 0.134640 0.000000
vt 0.000000 0.044880 0.000000
vt 0.000000 -0.044880 0.000000
vt 0.000000 -0.134640 0.000000
vt 0.000000 -0.224399 0.000000
vt 0.000000 -0.314159 0.000000
vt 0.000000 -0.403919 0.000000
vt 0.000000 -0.493679 0.000000
vt 0.000000 -0.583439 0.000000
vt 0.000000 -0.673198 0.000000
vt 0.000000 -0.762958 0.000000
vt 0.000000 -0.852718 0.000000
vt 0.000000 -0.942478 0.000000
vt 0.100000 0.942478 0.000000
vt 0.250000 0.000000 0.000000
vt 0.237764 -0.077254 0.000000
vt 0.202254 -0.146946 0.000000
vt 0.146946 -0.202254 0.000000
vt 0.077254 -0.237764 0.000000
vt -0.000000 -0.250000 0.000000
vt -0.077254 -0.237764 0.000000
vt -0.146946 -0.202254 0.000000
vt -0.202254 -0.146946 0.000000
vt -0.237764 -0.077254 0.000000
vt -0.250000 0.000000 0.000000
vt -0.237764 0.077254 0.000000
vt -0.202254 0.146946 0.000000
vt -0.146946 0.202254 0.000000
vt -0.077254 0.237764 0.000000
vt -0.000000 0.250000 0.000000
vt 0.077254 0.237764 0.000000
vt 0.146946 0.202254 0.000000
vt 0.202254 0.146946 0.000000
vt 0.237764 0.077254 0.000000
vt 0.300000 0.000000 0.000000
vt 0.286672 0.088427 0.000000
vt 0.247872 0.168996 0.000000
vt 0.187047 0.234549 0.000000
vt 0.109602 0.279262 0.000000
vt 0.022419 0.299161 0.000000
vt -0.066756 0.292478 0.000000
vt -0.150000 0.259808 0.000000
vt -0.219916 0.204052 0.000000
vt -0.270291 0.130165 0.000000
vt -0.296649 0.044713 0.000000
vt -0.296649 -0.044713 0.000000
vt -0.270291 -0.130165 0.000000
vt -0.219916 -0.204052 0.000000
vt -0.150000 -0.259808 0.000000
vt -0.066756 -0.292478 0.000000
vt 0.022419 -0.299161 0.000000
vt 0.109602 -0.279262 0.000000
vt 0.187047 -0.234549 0.000000
vt 0.247872 -0.168996 0.000000
vt 0.286672 -0.088427 0.000000
vt -0.100000 0.785398 0.000000
vt -0.100000 0.706858 0.000000
vt -0.100000 0.628319 0.000000
vt -0.100000 0.549779 0.000000
vt -0.100000 0.471239 0.000000
vt -0.100000 0.392699 0.000000
vt -0.100000 0.314159 0.000000
vt -0.100000 0.235619 0.000000
vt -0.100000 0.157080 0.000000
vt -0.100000 0.078540 0.000000
vt -0.100000 0.000000 0.000000
vt -0.100000 -0.078540 0.000000
vt -0.100000 -0.157080 0.000000
vt -0.100000 -0.235619 0.000000
vt -0.100000 -0.314159 0.000000
vt -0.100000 -0.392699 0.000000
vt -0.100000 -0.471239 0.000000
vt -0.100000 -0.549779 0.000000
vt -0.100000 -0.628319 0.000000
vt -0.100000 -0.706858 0.000000
vt -0.000000 -0.785398 0.000000
vt -0.000000 -0.706858 0.000000
vt -0.000000 -0.628319 0.000000
vt -0.000000 -0.549779 0.000000
vt -0.000000 -0.471239 0.000000
vt -0.000000 -0.392699 0.000000
vt -0.000000 -0.314159 0.000000
vt -0.000000 -0.235619 0.000000
vt -0.000000 -0.157080 0.000000
vt -0.000000 -0.078540 0.000000
vt -0.000000 0.000000 0.000000
vt -0.000000 0.078540 0.000000
vt -0.000000 0.157080 0.000000
vt -0.000000 0.235619 0.000000
vt -0.000000 0.314159 0.000000
vt -0.000000 0.392699 0.000000
vt -0.000000 0.471239 0.000000
vt -0.000000 0.549779 0.000000
vt -0.000000 0.628319 0.000000
vt -0.000000 0.706858 0.000000
vt -0.000000 0.785398 0.000000
vt -0.100000 -0.785398 0.000000
vt 0.089224 -0.190515 0.000000
vt 0.089245 -0.166762 0.000000
vt 0.089236 -0.142903 0.000000
vt 0.089226 -0.119063 0.000000
vt 0.089226 -0.095276 0.000000
vt 0.089226 -0.071449 0.000000
vt 0.089225 -0.047614 0.000000
vt 0.089224 -0.023807 0.000000
vt 0.089224 0.000000 0.000000
vt 0.089225 0.023722 0.000000
vt 0.089224 0.047528 0.000000
vt 0.089227 0.071311 0.000000
vt 0.089227 0.095157 0.000000
vt 0.089228 0.118952 0.000000
vt 0.089230 0.142793 0.000000
vt 0.089241 0.166651 0.000000
vt 0.047124 0.190466 0.000000
vt 0.047124 0.155835 0.000000
vt 0.047124 0.121205 0.000000
vt 0.047124 0.086575 0.000000
vt 0.047124 0.051945 0.000000
vt 0.047124 0.017315 0.000000
vt 0.047124 -0.017315 0.000000
vt 0.047124 -0.051945 0.000000
vt 0.047124 -0.086575 0.000000
vt 0.047124 -0.121205 0.000000
vt 0.047124 -0.155835 0.000000
vt 0.073304 0.190466 0.000000
vt 0.052360 0.190466 0.000000
vt 0.052360 0.014651 0.000000
vt 0.052360 0.161163 0.000000
vt 0.073304 0.161163 0.000000
vt 0.073304 -0.161163 0.000000
vt 0.052360 -0.161163 0.000000
vt 0.073304 -0.131861 0.000000
vt 0.052360 -0.131861 0.000000
vt 0.073304 -0.102558 0.000000
vt 0.052360 -0.102558 0.000000
vt 0.073304 -0.073256 0.000000
vt 0.052360 -0.073256 0.000000
vt 0.073304 -0.043954 0.000000
vt 0.052360 -0.043954 0.000000
vt 0.073304 -0.014651 0.000000
vt 0.052360 -0.014651 0.000000
vt 0.073304 0.014651 0.000000
vt 0.073304 0.043954 0.000000
vt 0.052360 0.043954 0.000000
vt 0.073304 0.073256 0.000000
vt 0.052360 0.073256 0.000000
vt 0.073304 0.102558 0.000000
vt 0.052360 0.102558 0.000000
vt 0.073304 0.131861 0.000000
vt 0.052360 0.131861 0.000000
vt 0.089224 0.190416 0.000000
vt 0.073304 -0.190466 0.000000
vt 0.073304 -0.190466 0.000000
vt 0.052360 0.219768 0.000000
vt 0.052360 0.219768 0.000000
vt 0.073304 -0.190466 0.000000
vt 0.047124 -0.190466 0.000000
vt 0.020839 0.000017 0.000000
vt 0.019213 0.007961 0.000000
vt 0.014712 0.014739 0.000000
vt 0.007943 0.019255 0.000000
vt -0.000026 0.020833 0.000000
vt -0.008008 0.019232 0.000000
vt -0.014757 0.014714 0.000000
vt -0.019263 0.007947 0.000000
vt -0.020839 0.000000 0.000000
vt -0.019253 -0.007975 0.000000
vt -0.014736 -0.014735 0.000000
vt -0.007966 -0.019253 0.000000
vt 0.000015 -0.020836 0.000000
vt 0.007980 -0.019246 0.000000
vt 0.014729 -0.014703 0.000000
vt 0.019218 -0.007922 0.000000
vt 0.042100 0.376452 0.000000
vt 0.028067 0.376452 0.000000
vt 0.014033 0.376452 0.000000
vt 0.000000 0.376452 0.000000
vt -0.000052 0.360808 0.000000
vt -0.000028 0.345092 0.000000
vt -0.000004 0.329390 0.000000
vt -0.000003 0.313723 0.000000
vt -0.000003 0.298029 0.000000
vt 0.000000 0.282330 0.000000
vt 0.000000 0.266649 0.000000
vt 0.000000 0.250968 0.000000
vt -0.000002 0.235279 0.000000
vt 0.000000 0.219597 0.000000
vt -0.000007 0.203933 0.000000
vt -0.000006 0.188227 0.000000
vt -0.000010 0.172554 0.000000
vt -0.000014 0.156851 0.000000
vt -0.000042 0.141137 0.000000
vt 0.000000 0.125484 0.000000
vt 0.014033 0.125484 0.000000
vt 0.028067 0.125484 0.000000
vt 0.042100 0.125484 0.000000
vt 0.042083 0.141137 0.000000
vt 0.042095 0.156851 0.000000
vt 0.042096 0.172554 0.000000
vt 0.042098 0.188227 0.000000
vt 0.042098 0.203933 0.000000
vt 0.042100 0.219597 0.000000
vt 0.042100 0.235279 0.000000
vt 0.042100 0.250968 0.000000
vt 0.042100 0.266649 0.000000
vt 0.042100 0.282330 0.000000
vt 0.042099 0.298029 0.000000
vt 0.042099 0.313723 0.000000
vt 0.042099 0.329390 0.000000
vt 0.042089 0.345092 0.000000
vt 0.042079 0.360808 0.000000
vt 0.006095 0.361091 0.000000
vt 0.021050 0.361091 0.000000
vt 0.027145 0.361091 0.000000
vt 0.006095 0.345729 0.000000
vt 0.021050 0.345729 0.000000
vt 0.027145 0.345729 0.000000
vt 0.006095 0.330368 0.000000
vt 0.021050 0.330368 0.000000
vt 0.027145 0.330368 0.000000
vt 0.006095 0.315007 0.000000
vt 0.021050 0.315007 0.000000
vt 0.027145 0.315007 0.000000
vt 0.006095 0.298029 0.000000
vt 0.021050 0.298029 0.000000
vt 0.027145 0.298029 0.000000
vt 0.006095 0.280978 0.000000
vt 0.021050 0.280978 0.000000
vt 0.027145 0.280978 0.000000
vt 0.006095 0.263964 0.000000
vt 0.021050 0.263964 0.000000
vt 0.027145 0.263964 0.000000
vt 0.006095 0.246950 0.000000
vt 0.021050 0.246950 0.000000
vt 0.027145 0.246950 0.000000
vt 0.006095 0.231766 0.000000
vt 0.021050 0.231766 0.000000
vt 0.027145 0.231766 0.000000
vt 0.006095 0.216583 0.000000
vt 0.021050 0.216583 0.000000
vt 0.027145 0.216583 0.000000
vt 0.006095 0.201400 0.000000
vt 0.021050 0.201400 0.000000
vt 0.027145 0.201400 0.000000
vt 0.006095 0.186217 0.000000
vt 0.021050 0.186217 0.000000
vt 0.027145 0.186217 0.000000
vt 0.006095 0.171034 0.000000
vt 0.021050 0.171034 0.000000
vt 0.027145 0.171034 0.000000
vt 0.006095 0.155850 0.000000
vt 0.021050 0.155850 0.000000
vt 0.027145 0.155850 0.000000
vt 0.006095 0.140667 0.000000
vt 0.021050 0.140667 0.000000
vt 0.027145 0.140667 0.000000
vt 0.250000 0.000000 0.000000
vt 0.237764 0.077254 0.000000
vt 0.202254 0.146946 0.000000
vt 0.146946 0.202254 0.000000
vt 0.077254 0.237764 0.000000
vt -0.000000 0.250000 0.000000
vt -0.077254 0.237764 0.000000
vt -0.146946 0.202254 0.000000
vt -0.202254 0.146946 0.000000
vt -0.237764 0.077254 0.000000
vt -0.250000 0.000000 0.000000
vt -0.237764 -0.077254 0.000000
vt -0.202254 -0.146946 0.000000
vt -0.146946 -0.202254 0.000000
vt -0.077254 -0.237764 0.000000
vt -0.000000 -0.250000 0.000000
vt 0.077254 -0.237764 0.000000
vt 0.146946 -0.202254 0.000000
vt 0.202254 -0.146946 0.000000
vt 0.237764 -0.077254 0.000000
vt 0.080000 -0.027401 0.000000
vt 0.067300 -0.070653 0.000000
vt 0.033233 -0.100172 0.000000
vt -0.011385 -0.106587 0.000000
vt -0.052389 -0.087861 0.000000
vt -0.076759 -0.049940 0.000000
vt -0.076759 -0.004863 0.000000
vt -0.052389 0.033059 0.000000
vt -0.011385 0.051784 0.000000
vt 0.033233 0.045369 0.000000
vt 0.067300 0.015850 0.000000
vn 0.093633 0.000000 -0.035112
vn 0.090912 0.022408 -0.035112
vn 0.082908 0.043513 -0.035112
vn 0.070085 0.062090 -0.035112
vn 0.053190 0.077058 -0.035112
vn 0.033203 0.087548 -0.035112
vn 0.011286 0.092950 -0.035112
vn -0.011286 0.092950 -0.035112
vn -0.033203 0.087548 -0.035112
vn -0.053190 0.077058 -0.035112
vn -0.070085 0.062090 -0.035112
vn -0.082908 0.043513 -0.035112
vn -0.090912 0.022408 -0.035112
vn -0.093633 0.000000 -0.035112
vn -0.090912 -0.022408 -0.035112
vn -0.082908 -0.043513 -0.035112
vn -0.070085 -0.062090 -0.035112
vn -0.053190 -0.077058 -0.035112
vn -0.033203 -0.087548 -0.035112
vn -0.011286 -0.092950 -0.035112
vn 0.011286 -0.092950 -0.035112
vn 0.033203 -0.087548 -0.035112
vn 0.053190 -0.077058 -0.035112
vn 0.070085 -0.062090 -0.035112
vn 0.082908 -0.043513 -0.035112
vn 0.090912 -0.022408 -0.035112
vn 0.093633 0.000000 -0.035112
vn 0.091587 -0.019467 -0.035112
vn 0.085538 -0.038084 -0.035112
vn 0.075751 -0.055036 -0.035112
vn 0.062653 -0.069583 -0.035112
vn 0.046816 -0.081088 -0.035112
vn 0.028934 -0.089050 -0.035112
vn 0.009787 -0.093120 -0.035112
vn -0.009787 -0.093120 -0.035112
vn -0.028934 -0.089050 -0.035112
vn -0.046816 -0.081088 -0.035112
vn -0.062653 -0.069583 -0.035112
vn -0.075751 -0.055036 -0.035112
vn -0.085538 -0.038084 -0.035112
vn -0.091587 -0.019467 -0.035112
vn -0.093633 0.000000 -0.035112
vn -0.091587 0.019467 -0.035112
vn -0.085538 0.038084 -0.035112
vn -0.075751 0.055036 -0.035112
vn -0.062653 0.069583 -0.035112
vn -0.046816 0.081088 -0.035112
vn -0.028934 0.089050 -0.035112
vn -0.009787 0.093120 -0.035112
vn 0.009787 0.093120 -0.035112
vn 0.028934 0.089050 -0.035112
vn 0.046816 0.081088 -0.035112
vn 0.062653 0.069583 -0.035112
vn 0.075751 0.055036 -0.035112
vn 0.085538 0.038084 -0.035112
vn 0.091587 0.019467 -0.035112
vn -0.093633 0.000000 -0.035112
vn -0.009787 -0.093120 -0.035112
vn 0.009787 0.093120 -0.035112
vn 0.091587 0.019467 -0.035112
vn 0.093633 0.000000 -0.035112
vn 0.085538 0.038084 -0.035112
vn 0.075751 0.055036 -0.035112
vn 0.062653 0.069583 -0.035112
vn 0.046816 0.081088 -0.035112
vn 0.028934 0.089050 -0.035112
vn -0.028934 0.089050 -0.035112
vn -0.009787 0.093120 -0.035112
vn -0.046816 0.081088 -0.035112
vn -0.062653 0.069583 -0.035112
vn -0.075751 0.055036 -0.035112
vn -0.085538 0.038084 -0.035112
vn -0.091587 0.019467 -0.035112
vn -0.091587 -0.019467 -0.035112
vn -0.085538 -0.038084 -0.035112
vn -0.075751 -0.055036 -0.035112
vn -0.062653 -0.069583 -0.035112
vn -0.046816 -0.081088 -0.035112
vn -0.028934 -0.089050 -0.035112
vn 0.028934 -0.089050 -0.035112
vn 0.009787 -0.093120 -0.035112
vn 0.046816 -0.081088 -0.035112
vn 0.062653 -0.069583 -0.035112
vn 0.075751 -0.055036 -0.035112
vn 0.085538 -0.038084 -0.035112
vn 0.091587 -0.019467 -0.035112
vn -0.093633 0.000000 -0.035112
vn -0.093633 0.000000 -0.035112
vn -0.093633 0.000000 -0.035112
vn -0.091587 -0.019467 -0.035112
vn -0.093633 0.000000 -0.035112
vn 0.000000 0.000000 0.100000
vn 0.000000 0.000000 0.100000
vn 0.000000 0.000000 0.100000
vn 0.000000 0.000000 0.100000
vn 0.000000 0.000000 0.100000
vn 0.000000 0.000000 0.100000
vn 0.000000 0.000000 0.100000
vn 0.000000 0.000000 0.100000
vn 0.000000 0.000000 0.100000
vn 0.000000 0.000000 0.100000
vn 0.000000 0.000000 0.100000
vn 0.000000 0.000000 0.100000
vn 0.000000 0.000000 0.100000
vn 0.000000 0.000000 0.100000
vn 0.000000 0.000000 0.100000
vn 0.000000 0.000000 0.100000
vn 0.000000 0.000000 0.100000
vn 0.000000 0.000000 0.100000
vn 0.000000 0.000000 0.100000
vn 0.000000 0.000000 0.100000
vn 0.000000 0.000000 0.100000
vn 0.000000 0.000000 0.100000
vn 0.000000 0.000000 0.100000
vn 0.000000 0.000000 0.100000
vn 0.000000 0.000000 0.100000
vn 0.000000 0.000000 0.100000
vn 0.000000 0.000000 0.100000
vn 0.000000 0.000000 0.100000
vn 0.000000 0.000000 0.100000
vn 0.000000 0.000000 0.100000
vn 0.100000 0.000000 0.000000
vn 0.097094 -0.023932 0.000000
vn 0.088546 -0.046472 0.000000
vn 0.074851 -0.066312 0.000000
vn 0.056806 -0.082298 0.000000
vn 0.035460 -0.093502 0.000000
vn 0.012054 -0.099271 0.000000
vn -0.012054 -0.099271 0.000000
vn -0.035460 -0.093502 0.000000
vn -0.056806 -0.082298 0.000000
vn -0.074851 -0.066312 0.000000
vn -0.088546 -0.046472 0.000000
vn -0.097094 -0.023932 0.000000
vn -0.100000 0.000000 0.000000
vn -0.097094 0.023932 0.000000
vn -0.088546 0.046472 0.000000
vn -0.074851 0.066312 0.000000
vn -0.056806 0.082298 0.000000
vn -0.035460 0.093502 0.000000
vn -0.012054 0.099271 0.000000
vn 0.012054 0.099271 0.000000
vn 0.035460 0.093502 0.000000
vn 0.056806 0.082298 0.000000
vn 0.074851 0.066312 0.000000
vn 0.088546 0.046472 0.000000
vn 0.097094 0.023932 0.000000
vn -0.100000 0.000000 0.000000
vn -0.097094 -0.023932 0.000000
vn -0.088546 -0.046472 0.000000
vn -0.074851 -0.066312 0.000000
vn -0.056806 -0.082298 0.000000
vn -0.035460 -0.093502 0.000000
vn -0.012054 -0.099271 0.000000
vn 0.012054 -0.099271 0.000000
vn 0.035460 -0.093502 0.000000
vn 0.056806 -0.082298 0.000000
vn 0.074851 -0.066312 0.000000
vn 0.088546 -0.046472 0.000000
vn 0.097094 -0.023932 0.000000
vn 0.100000 0.000000 0.000000
vn 0.097094 0.023932 0.000000
vn 0.088546 0.046472 0.000000
vn 0.074851 0.066312 0.000000
vn 0.056806 0.082298 0.000000
vn 0.035460 0.093502 0.000000
vn 0.012054 0.099271 0.000000
vn -0.012054 0.099271 0.000000
vn -0.035460 0.093502 0.000000
vn -0.056806 0.082298 0.000000
vn -0.074851 0.066312 0.000000
vn -0.088546 0.046472 0.000000
vn -0.097094 0.023932 0.000000
vn -0.100000 0.000000 0.000000
vn -0.100000 0.000000 0.000000
vn 0.100000 0.000000 0.000000
vn 0.097094 -0.023932 0.000000
vn 0.088546 -0.046472 0.000000
vn 0.074851 -0.066312 0.000000
vn 0.056806 -0.082298 0.000000
vn 0.035460 -0.093502 0.000000
vn 0.012054 -0.099271 0.000000
vn -0.012054 -0.099271 0.000000
vn -0.035460 -0.093502 0.000000
vn -0.056806 -0.082298 0.000000
vn -0.074851 -0.066312 0.000000
vn -0.088546 -0.046472 0.000000
vn -0.097094 -0.023932 0.000000
vn -0.100000 0.000000 0.000000
vn -0.097094 0.023932 0.000000
vn -0.088546 0.046472 0.000000
vn -0.074851 0.066312 0.000000
vn -0.056806 0.082298 0.000000
vn -0.035460 0.093502 0.000000
vn -0.012054 0.099271 0.000000
vn 0.012054 0.099271 0.000000
vn 0.035460 0.093502 0.000000
vn 0.056806 0.082298 0.000000
vn 0.074851 0.066312 0.000000
vn 0.088546 0.046472 0.000000
vn 0.097094 0.023932 0.000000
vn 0.100000 0.000000 0.000000
vn 0.097094 0.023932 0.000000
vn 0.088546 0.046472 0.000000
vn 0.074851 0.066312 0.000000
vn 0.056806 0.082298 0.000000
vn 0.035460 0.093502 0.000000
vn 0.012054 0.099271 0.000000
vn -0.012054 0.099271 0.000000
vn -0.035460 0.093502 0.000000
vn -0.056806 0.082298 0.000000
vn -0.074851 0.066312 0.000000
vn -0.088546 0.046472 0.000000
vn -0.097094 0.023932 0.000000
vn -0.100000 0.000000 0.000000
vn -0.097094 -0.023932 0.000000
vn -0.088546 -0.046472 0.000000
vn -0.074851 -0.066312 0.000000
vn -0.056806 -0.082298 0.000000
vn -0.035460 -0.093502 0.000000
vn -0.012054 -0.099271 0.000000
vn 0.012054 -0.099271 0.000000
vn 0.035460 -0.093502 0.000000
vn 0.056806 -0.082298 0.000000
vn 0.074851 -0.066312 0.000000
vn 0.088546 -0.046472 0.000000
vn 0.097094 -0.023932 0.000000
vn 0.100000 0.000000 0.000000
vn 0.100000 0.000000 0.000000
vn 0.000000 0.000000 0.100000
vn 0.000000 0.000000 0.100000
vn 0.000000 0.000000 0.100000
vn 0.000000 0.000000 0.100000
vn 0.000000 0.000000 0.100000
vn 0.000000 0.000000 0.100000
vn 0.000000 0.000000 0.100000
vn 0.000000 0.000000 0.100000
vn 0.000000 0.000000 0.100000
vn 0.000000 0.000000 0.100000
vn 0.000000 0.000000 0.100000
vn 0.000000 0.000000 0.100000
vn 0.000000 0.000000 0.100000
vn 0.000000 0.000000 0.100000
vn 0.000000 0.000000 0.100000
vn 0.000000 0.000000 0.100000
vn 0.000000 0.000000 0.100000
vn 0.000000 0.000000 0.100000
vn 0.000000 0.000000 0.100000
vn 0.000000 0.000000 0.100000
vn 0.000000 0.000000 0.100000
vn 0.000000 0.000000 0.100000
vn 0.000000 0.000000 0.100000
vn 0.000000 0.000000 0.100000
vn 0.000000 0.000000 0.100000
vn 0.000000 0.000000 0.100000
vn 0.000000 0.000000 0.100000
vn 0.000000 0.000000 0.100000
vn 0.000000 0.000000 0.100000
vn 0.000000 0.000000 0.100000
vn 0.000000 0.000000 0.100000
vn 0.000000 0.000000 0.100000
vn 0.000000 0.000000 0.100000
vn 0.000000 0.000000 0.100000
vn 0.000000 0.000000 0.100000
vn 0.000000 0.000000 0.100000
vn 0.000000 0.000000 0.100000
vn 0.000000 0.000000 0.100000
vn 0.000000 0.000000 0.100000
vn 0.000000 0.000000 0.100000
vn 0.000000 0.000000 0.100000
vn 0.000000 0.000000 0.100000
vn 0.000000 0.000000 0.100000
vn 0.000000 0.000000 0.100000
vn 0.000000 0.000000 0.100000
vn 0.000000 0.000000 0.100000
vn 0.000000 0.000000 0.100000
vn 0.000000 0.000000 0.100000
vn 0.000000 0.000000 0.100000
vn 0.000000 0.000000 0.100000
vn 0.000000 0.000000 0.100000
vn 0.000000 0.000000 0.100000
vn -0.093633 0.000000 0.035112
vn -0.091587 -0.019467 0.035112
vn -0.085538 -0.038084 0.035112
vn -0.075751 -0.055036 0.035112
vn -0.062653 -0.069583 0.035112
vn -0.046816 -0.081088 0.035112
vn -0.028934 -0.089050 0.035112
vn -0.009787 -0.093120 0.035112
vn 0.009787 -0.093120 0.035112
vn 0.028934 -0.089050 0.035112
vn 0.046816 -0.081088 0.035112
vn 0.062653 -0.069583 0.035112
vn 0.075751 -0.055036 0.035112
vn 0.085538 -0.038084 0.035112
vn 0.091587 -0.019467 0.035112
vn 0.093633 0.000000 0.035112
vn 0.091587 0.019467 0.035112
vn 0.085538 0.038084 0.035112
vn 0.075751 0.055036 0.035112
vn 0.062653 0.069583 0.035112
vn 0.046816 0.081088 0.035112
vn 0.028934 0.089050 0.035112
vn 0.009787 0.093120 0.035112
vn -0.009787 0.093120 0.035112
vn -0.028934 0.089050 0.035112
vn -0.046816 0.081088 0.035112
vn -0.062653 0.069583 0.035112
vn -0.075751 0.055036 0.035112
vn -0.085538 0.038084 0.035112
vn -0.091587 0.019467 0.035112
vn 0.093633 0.000000 0.035112
vn 0.090912 -0.022408 0.035112
vn 0.082908 -0.043513 0.035112
vn 0.070085 -0.062090 0.035112
vn 0.053190 -0.077058 0.035112
vn 0.033203 -0.087548 0.035112
vn 0.011286 -0.092950 0.035112
vn -0.011286 -0.092950 0.035112
vn -0.033203 -0.087548 0.035112
vn -0.053190 -0.077058 0.035112
vn -0.070085 -0.062090 0.035112
vn -0.082908 -0.043513 0.035112
vn -0.090912 -0.022408 0.035112
vn -0.093633 0.000000 0.035112
vn -0.090912 0.022408 0.035112
vn -0.082908 0.043513 0.035112
vn -0.070085 0.062090 0.035112
vn -0.053190 0.077058 0.035112
vn -0.033203 0.087548 0.035112
vn -0.011286 0.092950 0.035112
vn 0.011286 0.092950 0.035112
vn 0.033203 0.087548 0.035112
vn 0.053190 0.077058 0.035112
vn 0.070085 0.062090 0.035112
vn 0.082908 0.043513 0.035112
vn 0.090912 0.022408 0.035112
vn 0.093633 0.000000 0.035112
vn 0.093633 0.000000 0.035112
vn 0.093633 0.000000 0.035112
vn -0.100000 0.000000 0.000000
vn -0.097493 0.022252 0.000000
vn -0.090097 0.043388 0.000000
vn -0.078183 0.062349 0.000000
vn -0.062349 0.078183 0.000000
vn -0.043388 0.090097 0.000000
vn -0.022252 0.097493 0.000000
vn 0.000000 0.100000 0.000000
vn 0.022252 0.097493 0.000000
vn 0.043388 0.090097 0.000000
vn 0.062349 0.078183 0.000000
vn 0.078183 0.062349 0.000000
vn 0.090097 0.043388 0.000000
vn 0.097493 0.022252 0.000000
vn 0.100000 0.000000 0.000000
vn 0.097493 -0.022252 0.000000
vn 0.090097 -0.043388 0.000000
vn 0.078183 -0.062349 0.000000
vn 0.062349 -0.078183 0.000000
vn 0.043388 -0.090097 0.000000
vn 0.022252 -0.097493 0.000000
vn 0.000000 -0.100000 0.000000
vn -0.022252 -0.097493 0.000000
vn -0.043388 -0.090097 0.000000
vn -0.062349 -0.078183 0.000000
vn -0.078183 -0.062349 0.000000
vn -0.090097 -0.043388 0.000000
vn -0.097493 -0.022252 0.000000
vn 0.100000 0.000000 0.000000
vn 0.097493 0.022252 0.000000
vn 0.090097 0.043388 0.000000
vn 0.078183 0.062349 0.000000
vn 0.062349 0.078183 0.000000
vn 0.043388 0.090097 0.000000
vn 0.022252 0.097493 0.000000
vn 0.000000 0.100000 0.000000
vn -0.022252 0.097493 0.000000
vn -0.043388 0.090097 0.000000
vn -0.062349 0.078183 0.000000
vn -0.078183 0.062349 0.000000
vn -0.090097 0.043388 0.000000
vn -0.097493 0.022252 0.000000
vn -0.100000 0.000000 0.000000
vn -0.097493 -0.022252 0.000000
vn -0.090097 -0.043388 0.000000
vn -0.078183 -0.062349 0.000000
vn -0.062349 -0.078183 0.000000
vn -0.043388 -0.090097 0.000000
vn -0.022252 -0.097493 0.000000
vn 0.000000 -0.100000 0.000000
vn 0.022252 -0.097493 0.000000
vn 0.043388 -0.090097 0.000000
vn 0.062349 -0.078183 0.000000
vn 0.078183 -0.062349 0.000000
vn 0.090097 -0.043388 0.000000
vn 0.097493 -0.022252 0.000000
vn 0.100000 0.000000 0.000000
vn 0.100000 0.000000 0.000000
vn -0.100000 0.000000 0.000000
vn -0.097815 0.020791 0.000000
vn -0.091355 0.040674 0.000000
vn -0.080902 0.058779 0.000000
vn -0.066913 0.074314 0.000000
vn -0.050000 0.086603 0.000000
vn -0.030902 0.095106 0.000000
vn -0.010453 0.099452 0.000000
vn 0.010453 0.099452 0.000000
vn 0.030902 0.095106 0.000000
vn 0.050000 0.086603 0.000000
vn 0.066913 0.074314 0.000000
vn 0.080902 0.058779 0.000000
vn 0.091355 0.040674 0.000000
vn 0.097815 0.020791 0.000000
vn 0.100000 0.000000 0.000000
vn 0.097815 -0.020791 0.000000
vn 0.091355 -0.040674 0.000000
vn 0.080902 -0.058779 0.000000
vn 0.066913 -0.074314 0.000000
vn 0.050000 -0.086603 0.000000
vn 0.030902 -0.095106 0.000000
vn 0.010453 -0.099452 0.000000
vn -0.010453 -0.099452 0.000000
vn -0.030902 -0.095106 0.000000
vn -0.050000 -0.086603 0.000000
vn -0.066913 -0.074314 0.000000
vn -0.080902 -0.058779 0.000000
vn -0.091355 -0.040674 0.000000
vn -0.097815 -0.020791 0.000000
vn -0.100000 0.000000 0.000000
vn -0.097815 -0.020791 0.000000
vn -0.091355 -0.040674 0.000000
vn -0.080902 -0.058779 0.000000
vn -0.066913 -0.074314 0.000000
vn -0.050000 -0.086603 0.000000
vn -0.030902 -0.095106 0.000000
vn -0.010453 -0.099452 0.000000
vn 0.010453 -0.099452 0.000000
vn 0.030902 -0.095106 0.000000
vn 0.050000 -0.086603 0.000000
vn 0.066913 -0.074314 0.000000
vn 0.080902 -0.058779 0.000000
vn 0.091355 -0.040674 0.000000
vn 0.097815 -0.020791 0.000000
vn 0.100000 0.000000 0.000000
vn 0.097815 0.020791 0.000000
vn 0.091355 0.040674 0.000000
vn 0.080902 0.058779 0.000000
vn 0.066913 0.074314 0.000000
vn 0.050000 0.086603 0.000000
vn 0.030902 0.095106 0.000000
vn 0.010453 0.099452 0.000000
vn -0.010453 0.099452 0.000000
vn -0.030902 0.095106 0.000000
vn -0.050000 0.086603 0.000000
vn -0.066913 0.074314 0.000000
vn -0.080902 0.058779 0.000000
vn -0.091355 0.040674 0.000000
vn -0.097815 0.020791 0.000000
vn 0.100000 0.000000 0.000000
vn 0.100000 0.000000 0.000000
vn -0.070711 0.000000 -0.070711
vn -0.069165 0.014702 -0.070711
vn -0.064597 0.028761 -0.070711
vn -0.057206 0.041563 -0.070711
vn -0.047315 0.052548 -0.070711
vn -0.035355 0.061237 -0.070711
vn -0.021851 0.067250 -0.070711
vn -0.007391 0.070323 -0.070711
vn 0.007391 0.070323 -0.070711
vn 0.021851 0.067250 -0.070711
vn 0.035355 0.061237 -0.070711
vn 0.047315 0.052548 -0.070711
vn 0.057206 0.041563 -0.070711
vn 0.064597 0.028761 -0.070711
vn 0.069165 0.014702 -0.070711
vn 0.070711 0.000000 -0.070711
vn 0.069165 -0.014702 -0.070711
vn 0.064597 -0.028761 -0.070711
vn 0.057206 -0.041563 -0.070711
vn 0.047315 -0.052548 -0.070711
vn 0.035355 -0.061237 -0.070711
vn 0.021851 -0.067250 -0.070711
vn 0.007391 -0.070323 -0.070711
vn -0.007391 -0.070323 -0.070711
vn -0.021851 -0.067250 -0.070711
vn -0.035355 -0.061237 -0.070711
vn -0.047315 -0.052548 -0.070711
vn -0.057206 -0.041563 -0.070711
vn -0.064597 -0.028761 -0.070711
vn -0.069165 -0.014702 -0.070711
vn -0.070711 0.000000 -0.070711
vn -0.068938 -0.015735 -0.070711
vn -0.063708 -0.030680 -0.070711
vn -0.055284 -0.044087 -0.070711
vn -0.044087 -0.055284 -0.070711
vn -0.030680 -0.063708 -0.070711
vn -0.015735 -0.068938 -0.070711
vn 0.000000 -0.070711 -0.070711
vn 0.015735 -0.068938 -0.070711
vn 0.030680 -0.063708 -0.070711
vn 0.044087 -0.055284 -0.070711
vn 0.055284 -0.044087 -0.070711
vn 0.063708 -0.030680 -0.070711
vn 0.068938 -0.015735 -0.070711
vn 0.070711 0.000000 -0.070711
vn 0.068938 0.015735 -0.070711
vn 0.063708 0.030680 -0.070711
vn 0.055284 0.044087 -0.070711
vn 0.044087 0.055284 -0.070711
vn 0.030680 0.063708 -0.070711
vn 0.015735 0.068938 -0.070711
vn 0.000000 0.070711 -0.070711
vn -0.015735 0.068938 -0.070711
vn -0.030680 0.063708 -0.070711
vn -0.044087 0.055284 -0.070711
vn -0.055284 0.044087 -0.070711
vn -0.063708 0.030680 -0.070711
vn -0.068938 0.015735 -0.070711
vn -0.070711 0.000000 -0.070711
vn -0.070711 0.000000 -0.070711
vn -0.070711 0.000000 -0.070711
vn 0.100000 0.000000 0.000000
vn 0.097815 -0.020791 0.000000
vn 0.091355 -0.040674 0.000000
vn 0.080902 -0.058779 0.000000
vn 0.066913 -0.074314 0.000000
vn 0.050000 -0.086603 0.000000
vn 0.030902 -0.095106 0.000000
vn 0.010453 -0.099452 0.000000
vn -0.010453 -0.099452 0.000000
vn -0.030902 -0.095106 0.000000
vn -0.050000 -0.086603 0.000000
vn -0.066913 -0.074314 0.000000
vn -0.080902 -0.058779 0.000000
vn -0.091355 -0.040674 0.000000
vn -0.097815 -0.020791 0.000000
vn -0.100000 0.000000 0.000000
vn -0.097815 0.020791 0.000000
vn -0.091355 0.040674 0.000000
vn -0.080902 0.058779 0.000000
vn -0.066913 0.074314 0.000000
vn -0.050000 0.086603 0.000000
vn -0.030902 0.095106 0.000000
vn -0.010453 0.099452 0.000000
vn 0.010453 0.099452 0.000000
vn 0.030902 0.095106 0.000000
vn 0.050000 0.086603 0.000000
vn 0.066913 0.074314 0.000000
vn 0.080902 0.058779 0.000000
vn 0.091355 0.040674 0.000000
vn 0.097815 0.020791 0.000000
vn 0.100000 0.000000 0.000000
vn 0.097815 0.020791 0.000000
vn 0.091355 0.040674 0.000000
vn 0.080902 0.058779 0.000000
vn 0.066913 0.074314 0.000000
vn 0.050000 0.086603 0.000000
vn 0.030902 0.095106 0.000000
vn 0.010453 0.099452 0.000000
vn -0.010453 0.099452 0.000000
vn -0.030902 0.095106 0.000000
vn -0.050000 0.086603 0.000000
vn -0.066913 0.074314 0.000000
vn -0.080902 0.058779 0.000000
vn -0.091355 0.040674 0.000000
vn -0.097815 0.020791 0.000000
vn -0.100000 0.000000 0.000000
vn -0.097815 -0.020791 0.000000
vn -0.091355 -0.040674 0.000000
vn -0.080902 -0.058779 0.000000
vn -0.066913 -0.074314 0.000000
vn -0.050000 -0.086603 0.000000
vn -0.030902 -0.095106 0.000000
vn -0.010453 -0.099452 0.000000
vn 0.010453 -0.099452 0.000000
vn 0.030902 -0.095106 0.000000
vn 0.050000 -0.086603 0.000000
vn 0.066913 -0.074314 0.000000
vn 0.080902 -0.058779 0.000000
vn 0.091355 -0.040674 0.000000
vn 0.097815 -0.020791 0.000000
vn 0.100000 0.000000 0.000000
vn 0.100000 0.000000 0.000000
vn 0.000000 0.000000 -0.100000
vn 0.000000 0.000000 -0.100000
vn 0.000000 0.000000 -0.100000
vn 0.000000 0.000000 -0.100000
vn 0.000000 0.000000 -0.100000
vn 0.000000 0.000000 -0.100000
vn 0.000000 0.000000 -0.100000
vn 0.000000 0.000000 -0.100000
vn 0.000000 0.000000 -0.100000
vn 0.000000 0.000000 -0.100000
vn 0.000000 0.000000 -0.100000
vn 0.000000 0.000000 -0.100000
vn 0.000000 0.000000 -0.100000
vn 0.000000 0.000000 -0.100000
vn 0.000000 0.000000 -0.100000
vn 0.000000 0.000000 -0.100000
vn 0.000000 0.000000 -0.100000
vn 0.000000 0.000000 -0.100000
vn 0.000000 0.000000 -0.100000
vn 0.000000 0.000000 -0.100000
vn 0.000000 0.000000 -0.100000
vn 0.000000 0.000000 -0.100000
vn 0.000000 0.000000 -0.100000
vn 0.000000 0.000000 -0.100000
vn 0.000000 0.000000 -0.100000
vn 0.000000 0.000000 -0.100000
vn 0.000000 0.000000 -0.100000
vn 0.000000 0.000000 -0.100000
vn 0.000000 0.000000 -0.100000
vn 0.000000 0.000000 -0.100000
vn 0.000000 0.000000 -0.100000
vn 0.000000 0.000000 -0.100000
vn 0.000000 0.000000 -0.100000
vn 0.000000 0.000000 -0.100000
vn 0.000000 0.000000 -0.100000
vn 0.000000 0.000000 -0.100000
vn 0.000000 0.000000 -0.100000
vn 0.000000 0.000000 -0.100000
vn 0.000000 0.000000 -0.100000
vn 0.000000 0.000000 -0.100000
vn 0.000000 0.000000 -0.100000
vn 0.000000 0.000000 -0.100000
vn 0.000000 0.000000 -0.100000
vn 0.000000 0.000000 -0.100000
vn 0.000000 0.000000 -0.100000
vn 0.000000 0.000000 -0.100000
vn 0.000000 0.000000 -0.100000
vn 0.000000 0.000000 -0.100000
vn 0.000000 0.000000 -0.100000
vn 0.000000 0.000000 -0.100000
vn 0.000000 0.000000 -0.100000
vn 0.000000 0.000000 0.100000
vn 0.000000 0.000000 0.100000
vn 0.000000 0.000000 0.100000
vn 0.000000 0.000000 0.100000
vn 0.000000 0.000000 0.100000
vn 0.000000 0.000000 0.100000
vn 0.000000 0.000000 0.100000
vn 0.000000 0.000000 0.100000
vn 0.000000 0.000000 0.100000
vn 0.000000 0.000000 0.100000
vn 0.000000 0.000000 0.100000
vn 0.000000 0.000000 0.100000
vn 0.000000 0.000000 0.100000
vn 0.000000 0.000000 0.100000
vn 0.000000 0.000000 0.100000
vn 0.000000 0.000000 0.100000
vn 0.000000 0.000000 0.100000
vn 0.000000 0.000000 0.100000
vn 0.000000 0.000000 0.100000
vn 0.000000 0.000000 0.100000
vn 0.000000 0.000000 0.100000
vn 0.000000 0.000000 0.100000
vn 0.000000 0.000000 0.100000
vn 0.000000 0.000000 0.100000
vn 0.000000 0.000000 0.100000
vn 0.000000 0.000000 0.100000
vn 0.000000 0.000000 0.100000
vn 0.000000 0.000000 0.100000
vn 0.000000 0.000000 0.100000
vn 0.000000 0.000000 0.100000
vn 0.000000 0.000000 0.100000
vn 0.000000 0.000000 0.100000
vn 0.000000 0.000000 0.100000
vn 0.000000 0.000000 0.100000
vn 0.000000 0.000000 0.100000
vn 0.000000 0.000000 0.100000
vn 0.000000 0.000000 0.100000
vn 0.000000 0.000000 0.100000
vn 0.000000 0.000000 0.100000
vn 0.000000 0.000000 0.100000
vn 0.000000 0.000000 0.100000
vn 0.000000 0.000000 0.100000
vn 0.000000 0.000000 0.100000
vn 0.000000 0.000000 0.100000
vn 0.000000 0.000000 0.100000
vn 0.000000 0.000000 0.100000
vn 0.000000 0.000000 0.100000
vn 0.000000 0.000000 0.100000
vn 0.000000 0.000000 0.100000
vn 0.000000 0.000000 0.100000
vn 0.000000 0.000000 0.100000
vn 0.000000 0.000000 0.100000
vn 0.000000 0.000000 0.100000
vn 0.000000 0.000000 0.100000
vn 0.000000 0.000000 0.100000
vn 0.000000 0.000000 0.100000
vn 0.000000 0.000000 0.100000
vn 0.000000 0.000000 0.100000
vn -0.100000 0.000000 0.000000
vn -0.097815 0.020791 0.000000
vn -0.091355 0.040674 0.000000
vn -0.080902 0.058779 0.000000
vn -0.066913 0.074314 0.000000
vn -0.050000 0.086603 0.000000
vn -0.030902 0.095106 0.000000
vn -0.010453 0.099452 0.000000
vn 0.010453 0.099452 0.000000
vn 0.030902 0.095106 0.000000
vn 0.050000 0.086603 0.000000
vn 0.066913 0.074314 0.000000
vn 0.080902 0.058779 0.000000
vn 0.091355 0.040674 0.000000
vn 0.097815 0.020791 0.000000
vn 0.100000 0.000000 0.000000
vn 0.097815 -0.020791 0.000000
vn 0.091355 -0.040674 0.000000
vn 0.080902 -0.058779 0.000000
vn 0.066913 -0.074314 0.000000
vn 0.050000 -0.086603 0.000000
vn 0.030902 -0.095106 0.000000
vn 0.010453 -0.099452 0.000000
vn -0.010453 -0.099452 0.000000
vn -0.030902 -0.095106 0.000000
vn -0.050000 -0.086603 0.000000
vn -0.066913 -0.074314 0.000000
vn -0.080902 -0.058779 0.000000
vn -0.091355 -0.040674 0.000000
vn -0.097815 -0.020791 0.000000
vn 0.100000 0.000000 0.000000
vn 0.097815 0.020791 0.000000
vn 0.091355 0.040674 0.000000
vn 0.080902 0.058779 0.000000
vn 0.066913 0.074314 0.000000
vn 0.050000 0.086603 0.000000
vn 0.030902 0.095106 0.000000
vn 0.010453 0.099452 0.000000
vn -0.010453 0.099452 0.000000
vn -0.030902 0.095106 0.000000
vn -0.050000 0.086603 0.000000
vn -0.066913 0.074314 0.000000
vn -0.080902 0.058779 0.000000
vn -0.091355 0.040674 0.000000
vn -0.097815 0.020791 0.000000
vn -0.100000 0.000000 0.000000
vn -0.097815 -0.020791 0.000000
vn -0.091355 -0.040674 0.000000
vn -0.080902 -0.058779 0.000000
vn -0.066913 -0.074314 0.000000
vn -0.050000 -0.086603 0.000000
vn -0.030902 -0.095106 0.000000
vn -0.010453 -0.099452 0.000000
vn 0.010453 -0.099452 0.000000
vn 0.030902 -0.095106 0.000000
vn 0.050000 -0.086603 0.000000
vn 0.066913 -0.074314 0.000000
vn 0.080902 -0.058779 0.000000
vn 0.091355 -0.040674 0.000000
vn 0.097815 -0.020791 0.000000
vn -0.100000 0.000000 0.000000
vn -0.100000 0.000000 0.000000
vn 0.100000 0.000000 0.000000
vn 0.095557 0.029476 0.000000
vn 0.082624 0.056332 0.000000
vn 0.062349 0.078183 0.000000
vn 0.036534 0.093087 0.000000
vn 0.007473 0.099720 0.000000
vn -0.022252 0.097493 0.000000
vn -0.050000 0.086603 0.000000
vn -0.073305 0.068017 0.000000
vn -0.090097 0.043388 0.000000
vn -0.098883 0.014904 0.000000
vn -0.098883 -0.014904 0.000000
vn -0.090097 -0.043388 0.000000
vn -0.073305 -0.068017 0.000000
vn -0.050000 -0.086603 0.000000
vn -0.022252 -0.097493 0.000000
vn 0.007473 -0.099720 0.000000
vn 0.036534 -0.093087 0.000000
vn 0.062349 -0.078183 0.000000
vn 0.082624 -0.056332 0.000000
vn 0.095557 -0.029476 0.000000
vn 0.100000 0.000000 0.000000
vn 0.095557 -0.029476 0.000000
vn 0.082624 -0.056332 0.000000
vn 0.062349 -0.078183 0.000000
vn 0.036534 -0.093087 0.000000
vn 0.007473 -0.099720 0.000000
vn -0.022252 -0.097493 0.000000
vn -0.050000 -0.086603 0.000000
vn -0.073305 -0.068017 0.000000
vn -0.090097 -0.043388 0.000000
vn -0.098883 -0.014904 0.000000
vn -0.098883 0.014904 0.000000
vn -0.090097 0.043388 0.000000
vn -0.073305 0.068017 0.000000
vn -0.050000 0.086603 0.000000
vn -0.022252 0.097493 0.000000
vn 0.007473 0.099720 0.000000
vn 0.036534 0.093087 0.000000
vn 0.062349 0.078183 0.000000
vn 0.082624 0.056332 0.000000
vn 0.095557 0.029476 0.000000
vn 0.100000 0.000000 0.000000
vn 0.100000 0.000000 0.000000
vn 0.000000 0.000000 -0.100000
vn 0.000000 0.000000 -0.100000
vn 0.000000 0.000000 -0.100000
vn 0.000000 0.000000 -0.100000
vn 0.000000 0.000000 -0.100000
vn 0.000000 0.000000 -0.100000
vn 0.000000 0.000000 -0.100000
vn 0.000000 0.000000 -0.100000
vn 0.000000 0.000000 -0.100000
vn 0.000000 0.000000 -0.100000
vn 0.000000 0.000000 -0.100000
vn 0.000000 0.000000 -0.100000
vn 0.000000 0.000000 -0.100000
vn 0.000000 0.000000 -0.100000
vn 0.000000 0.000000 -0.100000
vn 0.000000 0.000000 -0.100000
vn 0.000000 0.000000 -0.100000
vn 0.000000 0.000000 -0.100000
vn 0.000000 0.000000 -0.100000
vn 0.000000 0.000000 -0.100000
vn 0.000000 0.000000 -0.100000
vn 0.000000 0.000000 -0.100000
vn 0.000000 0.000000 -0.100000
vn 0.000000 0.000000 -0.100000
vn 0.000000 0.000000 -0.100000
vn 0.000000 0.000000 -0.100000
vn 0.000000 0.000000 -0.100000
vn 0.000000 0.000000 -0.100000
vn 0.000000 0.000000 -0.100000
vn 0.000000 0.000000 -0.100000
vn 0.000000 0.000000 -0.100000
vn 0.000000 0.000000 -0.100000
vn 0.000000 0.000000 -0.100000
vn 0.000000 0.000000 -0.100000
vn 0.000000 0.000000 -0.100000
vn 0.000000 0.000000 -0.100000
vn 0.000000 0.000000 -0.100000
vn 0.000000 0.000000 -0.100000
vn 0.000000 0.000000 -0.100000
vn 0.000000 0.000000 -0.100000
vn 0.000000 0.000000 -0.100000
vn -0.100000 0.000000 0.000000
vn -0.095106 -0.030902 0.000000
vn -0.080902 -0.058779 0.000000
vn -0.058779 -0.080902 0.000000
vn -0.030902 -0.095106 0.000000
vn 0.000000 -0.100000 0.000000
vn 0.030902 -0.095106 0.000000
vn 0.058779 -0.080902 0.000000
vn 0.080902 -0.058779 0.000000
vn 0.095106 -0.030902 0.000000
vn 0.100000 0.000000 0.000000
vn 0.095106 0.030902 0.000000
vn 0.080902 0.058779 0.000000
vn 0.058779 0.080902 0.000000
vn 0.030902 0.095106 0.000000
vn 0.000000 0.100000 0.000000
vn -0.030902 0.095106 0.000000
vn -0.058779 0.080902 0.000000
vn -0.080902 0.058779 0.000000
vn -0.095106 0.030902 0.000000
vn -0.100000 0.000000 0.000000
vn -0.095106 0.030902 0.000000
vn -0.080902 0.058779 0.000000
vn -0.058779 0.080902 0.000000
vn -0.030902 0.095106 0.000000
vn 0.000000 0.100000 0.000000
vn 0.030902 0.095106 0.000000
vn 0.058779 0.080902 0.000000
vn 0.080902 0.058779 0.000000
vn 0.095106 0.030902 0.000000
vn 0.100000 0.000000 0.000000
vn 0.095106 -0.030902 0.000000
vn 0.080902 -0.058779 0.000000
vn 0.058779 -0.080902 0.000000
vn 0.030902 -0.095106 0.000000
vn 0.000000 -0.100000 0.000000
vn -0.030902 -0.095106 0.000000
vn -0.058779 -0.080902 0.000000
vn -0.080902 -0.058779 0.000000
vn -0.095106 -0.030902 0.000000
vn -0.100000 0.000000 0.000000
vn -0.100000 0.000000 0.000000
vn 0.098601 -0.000080 -0.016667
vn 0.091172 0.037580 -0.016598
vn 0.069788 0.069664 -0.016629
vn 0.037766 0.091083 -0.016661
vn 0.000070 0.098602 -0.016662
vn -0.037697 0.091112 -0.016662
vn -0.069724 0.069719 -0.016666
vn -0.091096 0.037731 -0.016667
vn -0.098601 0.000000 -0.016667
vn -0.091150 -0.037604 -0.016665
vn -0.069823 -0.069620 -0.016667
vn -0.037904 -0.091026 -0.016658
vn -0.000124 -0.098603 -0.016659
vn 0.037600 -0.091153 -0.016653
vn 0.069659 -0.069789 -0.016648
vn 0.091101 -0.037746 -0.016611
vn 0.000000 0.000000 -0.100000
vn 0.000000 0.000000 -0.100000
vn 0.000000 0.000000 -0.100000
vn 0.000000 0.000000 -0.100000
vn 0.000000 0.000000 -0.100000
vn 0.000000 0.000000 -0.100000
vn 0.000000 0.000000 -0.100000
vn 0.000000 0.000000 -0.100000
vn 0.000000 0.000000 -0.100000
vn 0.000000 0.000000 -0.100000
vn 0.000000 0.000000 -0.100000
vn 0.076604 0.000000 -0.064279
vn 0.017365 0.000000 -0.098481
vn -0.016860 -0.004156 -0.098481
vn 0.015376 -0.008070 -0.098481
vn 0.067830 -0.035600 -0.064279
vn 0.067830 0.035600 -0.064279
vn 0.015376 0.008070 -0.098481
vn 0.043516 0.063044 -0.064279
vn 0.009864 0.014291 -0.098481
vn 0.009234 0.076046 -0.064279
vn 0.002093 0.017238 -0.098481
vn -0.027164 0.071626 -0.064279
vn -0.006158 0.016236 -0.098481
vn -0.057339 0.050798 -0.064279
vn -0.012998 0.011515 -0.098481
vn -0.074378 0.018333 -0.064279
vn -0.016860 0.004156 -0.098481
vn -0.074378 -0.018333 -0.064279
vn -0.057339 -0.050798 -0.064279
vn -0.012998 -0.011515 -0.098481
vn -0.027164 -0.071626 -0.064279
vn -0.006158 -0.016236 -0.098481
vn 0.009234 -0.076046 -0.064279
vn 0.002093 -0.017238 -0.098481
vn 0.043516 -0.063044 -0.064279
vn 0.009864 -0.014291 -0.098481
vn 0.098601 -0.000080 -0.016667
vn 0.076604 0.000000 -0.064279
vn 0.076604 0.000000 -0.064279
vn 0.015376 0.008070 -0.098481
vn 0.015376 0.008070 -0.098481
vn 0.076604 0.000000 -0.064279
vn 0.000000 0.000000 -0.100000
vn 0.000000 0.000000 -0.100000
vn 0.000000 0.000000 -0.100000
vn 0.000000 0.000000 -0.100000
vn 0.000000 0.000000 -0.100000
vn 0.000000 0.000000 -0.100000
vn 0.000000 0.000000 -0.100000
vn 0.000000 0.000000 -0.100000
vn 0.000000 0.000000 -0.100000
vn 0.000000 0.000000 -0.100000
vn 0.000000 0.000000 -0.100000
vn 0.000000 0.000000 -0.100000
vn 0.000000 0.000000 -0.100000
vn 0.000000 0.000000 -0.100000
vn 0.000000 0.000000 -0.100000
vn 0.000000 0.000000 -0.100000
vn 0.000000 0.000000 -0.100000
vn 0.098601 -0.000080 -0.016667
vn 0.080618 -0.000065 -0.059167
vn 0.044903 -0.000036 -0.089351
vn 0.000000 0.000000 -0.100000
vn -0.000168 -0.000070 -0.100000
vn -0.000070 -0.000069 -0.100000
vn -0.000006 -0.000014 -0.100000
vn 0.000000 -0.000011 -0.100000
vn 0.000004 -0.000011 -0.100000
vn 0.000000 0.000000 -0.100000
vn -0.000001 0.000000 -0.100000
vn 0.000000 0.000000 -0.100000
vn 0.000005 0.000002 -0.100000
vn 0.000000 0.000000 -0.100000
vn 0.000009 0.000021 -0.100000
vn 0.000000 0.000021 -0.100000
vn -0.000013 0.000032 -0.100000
vn -0.000035 0.000034 -0.100000
vn -0.000135 0.000056 -0.100000
vn 0.000000 0.000000 -0.100000
vn 0.044903 -0.000036 -0.089351
vn 0.080618 -0.000065 -0.059167
vn 0.098601 -0.000080 -0.016667
vn 0.091001 -0.037950 -0.016692
vn 0.070125 -0.069314 -0.016675
vn 0.037337 -0.091258 -0.016673
vn 0.000150 -0.098601 -0.016670
vn -0.038052 -0.090962 -0.016671
vn -0.069822 -0.069621 -0.016667
vn -0.091098 -0.037728 -0.016668
vn -0.098601 0.000000 -0.016667
vn -0.091098 0.037728 -0.016667
vn -0.069755 0.069688 -0.016667
vn -0.037689 0.091114 -0.016669
vn 0.000280 0.098601 -0.016669
vn 0.037589 0.091155 -0.016669
vn 0.070385 0.069048 -0.016683
vn 0.091009 0.037929 -0.016698
vn 0.018971 0.007755 -0.097877
vn 0.059837 0.024459 -0.076297
vn 0.072997 0.029838 -0.061491
vn 0.014843 0.014105 -0.097881
vn 0.046833 0.044505 -0.076328
vn 0.057144 0.054304 -0.061528
vn 0.008256 0.018709 -0.097887
vn 0.026064 0.059060 -0.076371
vn 0.031811 0.072083 -0.061580
vn 0.000715 0.020438 -0.097886
vn 0.002256 0.064518 -0.076369
vn 0.002754 0.078744 -0.061578
vn -0.007817 0.018897 -0.097887
vn -0.024676 0.059653 -0.076371
vn -0.030117 0.072807 -0.061580
vn -0.014945 0.013955 -0.097887
vn -0.047180 0.044056 -0.076375
vn -0.057584 0.053771 -0.061585
vn -0.019373 0.006537 -0.097887
vn -0.061162 0.020637 -0.076377
vn -0.074651 0.025188 -0.061586
vn -0.020344 -0.002047 -0.097887
vn -0.064226 -0.006464 -0.076376
vn -0.078390 -0.007889 -0.061585
vn -0.018138 -0.009445 -0.097887
vn -0.057259 -0.029816 -0.076371
vn -0.069884 -0.036390 -0.061579
vn -0.013330 -0.015506 -0.097887
vn -0.042081 -0.048951 -0.076374
vn -0.051361 -0.059746 -0.061583
vn -0.006691 -0.019325 -0.097886
vn -0.021122 -0.061005 -0.076369
vn -0.025780 -0.074456 -0.061577
vn 0.001058 -0.020428 -0.097886
vn 0.003338 -0.064480 -0.076362
vn 0.004074 -0.078693 -0.061569
vn 0.008456 -0.018625 -0.097886
vn 0.026690 -0.058789 -0.076364
vn 0.032574 -0.071749 -0.061571
vn 0.014913 -0.014012 -0.097884
vn 0.047066 -0.044223 -0.076349
vn 0.057436 -0.053966 -0.061553
vn 0.018996 -0.007670 -0.097879
vn 0.059924 -0.024195 -0.076313
vn 0.073111 -0.029519 -0.061510
vn 0.000000 0.000000 -0.100000
vn 0.000000 0.000000 -0.100000
vn 0.000000 0.000000 -0.100000
vn 0.000000 0.000000 -0.100000
vn 0.000000 0.000000 -0.100000
vn 0.000000 0.000000 -0.100000
vn 0.000000 0.000000 -0.100000
vn 0.000000 0.000000 -0.100000
vn 0.000000 0.000000 -0.100000
vn 0.000000 0.000000 -0.100000
vn 0.000000 0.000000 -0.100000
vn 0.000000 0.000000 -0.100000
vn 0.000000 0.000000 -0.100000
vn 0.000000 0.000000 -0.100000
vn 0.000000 0.000000 -0.100000
vn 0.000000 0.000000 -0.100000
vn 0.000000 0.000000 -0.100000
vn 0.000000 0.000000 -0.100000
vn 0.000000 0.000000 -0.100000
vn 0.000000 0.000000 -0.100000
vn 0.000000 0.000000 -0.100000
vn 0.000000 0.000000 -0.100000
vn 0.000000 0.000000 -0.100000
vn 0.000000 0.000000 -0.100000
vn 0.000000 0.000000 -0.100000
vn 0.000000 0.000000 -0.100000
vn 0.000000 0.000000 -0.100000
vn 0.000000 0.000000 -0.100000
vn 0.000000 0.000000 -0.100000
vn 0.000000 0.000000 -0.100000
vn 0.000000 0.000000 -0.100000
usemtl 191,191,191
f 64/2/2 62/60/60 60/1/1
f 60/1/1 62/60/60 55/61/61
f 60/1/1 55/61/61 63/86/86
f 63/86/86 55/61/61 14/27/27
f 63/86/86 14/27/27 18/28/28
f 90/3/3 76/62/62 64/2/2
f 64/2/2 76/62/62 28/55/55
f 64/2/2 28/55/55 16/56/56
f 100/4/4 94/63/63 90/3/3
f 90/3/3 94/63/63 46/54/54
f 90/3/3 46/54/54 28/55/55
f 138/5/5 118/64/64 100/4/4
f 100/4/4 118/64/64 83/53/53
f 100/4/4 83/53/53 46/54/54
f 176/6/6 146/65/65 138/5/5
f 138/5/5 146/65/65 121/52/52
f 138/5/5 121/52/52 83/53/53
f 221/7/7 184/66/66 176/6/6
f 176/6/6 184/66/66 169/51/51
f 176/6/6 169/51/51 121/52/52
f 340/8/8 230/59/59 221/7/7
f 221/7/7 230/59/59 213/50/50
f 221/7/7 213/50/50 169/51/51
f 392/9/9 382/67/67 340/8/8
f 340/8/8 382/67/67 335/68/68
f 340/8/8 335/68/68 230/59/59
f 230/59/59 335/68/68 355/49/49
f 230/59/59 355/49/49 213/50/50
f 430/10/10 420/69/69 392/9/9
f 392/9/9 420/69/69 445/47/47
f 392/9/9 445/47/47 401/48/48
f 466/11/11 448/70/70 430/10/10
f 430/10/10 448/70/70 485/46/46
f 430/10/10 485/46/46 445/47/47
f 476/12/12 474/71/71 466/11/11
f 466/11/11 474/71/71 522/45/45
f 466/11/11 522/45/45 485/46/46
f 502/13/13 492/72/72 476/12/12
f 476/12/12 492/72/72 540/44/44
f 476/12/12 540/44/44 522/45/45
f 508/87/87 506/73/73 502/13/13
f 502/13/13 506/73/73 552/43/43
f 502/13/13 552/43/43 540/44/44
f 504/15/15 507/74/74 508/14/14
f 508/14/14 507/74/74 514/88/88
f 508/89/89 514/57/57 506/73/73
f 506/73/73 514/57/57 556/42/42
f 506/73/73 556/42/42 552/43/43
f 478/16/16 493/75/75 504/15/15
f 504/15/15 493/75/75 542/40/40
f 504/15/15 542/40/40 554/41/41
f 468/17/17 475/76/76 478/16/16
f 478/16/16 475/76/76 524/39/39
f 478/16/16 524/39/39 542/40/40
f 432/18/18 449/77/77 468/17/17
f 468/17/17 449/77/77 487/38/38
f 468/17/17 487/38/38 524/39/39
f 394/19/19 421/78/78 432/18/18
f 432/18/18 421/78/78 447/37/37
f 432/18/18 447/37/37 487/38/38
f 344/20/20 383/79/79 394/19/19
f 394/19/19 383/79/79 403/36/36
f 394/19/19 403/36/36 447/37/37
f 223/21/21 336/58/58 344/20/20
f 344/20/20 336/58/58 357/35/35
f 344/20/20 357/35/35 403/36/36
f 178/22/22 185/80/80 223/21/21
f 223/21/21 185/80/80 231/81/81
f 223/21/21 231/81/81 336/58/58
f 336/58/58 231/81/81 215/34/34
f 336/58/58 215/34/34 357/35/35
f 140/23/23 147/82/82 178/22/22
f 178/22/22 147/82/82 123/32/32
f 178/22/22 123/32/32 171/33/33
f 102/24/24 119/83/83 140/23/23
f 140/23/23 119/83/83 85/31/31
f 140/23/23 85/31/31 123/32/32
f 92/25/25 95/84/84 102/24/24
f 102/24/24 95/84/84 48/30/30
f 102/24/24 48/30/30 85/31/31
f 66/26/26 77/85/85 92/25/25
f 92/25/25 77/85/85 30/29/29
f 92/25/25 30/29/29 48/30/30
f 60/1/1 63/86/86 66/26/26
f 66/26/26 63/86/86 18/28/28
f 66/26/26 18/28/28 30/29/29
f 215/34/34 231/81/81 171/33/33
f 171/33/33 231/81/81 185/80/80
f 171/33/33 185/80/80 178/22/22
f 556/42/42 514/57/57 554/90/90
f 554/41/41 514/91/91 507/74/74
f 554/41/41 507/74/74 504/15/15
f 355/49/49 335/68/68 401/48/48
f 401/48/48 335/68/68 382/67/67
f 401/48/48 382/67/67 392/9/9
f 14/27/27 55/61/61 16/56/56
f 16/56/56 55/61/61 62/60/60
f 16/56/56 62/60/60 64/2/2
f 542/40/40 493/75/75 478/16/16
f 524/39/39 475/76/76 468/17/17
f 487/38/38 449/77/77 432/18/18
f 447/37/37 421/78/78 394/19/19
f 403/36/36 383/79/79 344/20/20
f 123/32/32 147/82/82 140/23/23
f 85/31/31 119/83/83 102/24/24
f 48/30/30 95/84/84 92/25/25
f 30/29/29 77/85/85 66/26/26
f 28/55/55 76/62/62 90/3/3
f 46/54/54 94/63/63 100/4/4
f 83/53/53 118/64/64 138/5/5
f 121/52/52 146/65/65 176/6/6
f 169/51/51 184/66/66 221/7/7
f 445/47/47 420/69/69 430/10/10
f 485/46/46 448/70/70 466/11/11
f 522/45/45 474/71/71 476/12/12
f 540/44/44 492/72/72 502/13/13
f 553/93/93 17/106/106 555/92/92
f 555/92/92 17/106/106 13/107/107
f 555/92/92 13/107/107 551/121/121
f 551/121/121 13/107/107 15/108/108
f 551/121/121 15/108/108 539/120/120
f 539/120/120 15/108/108 27/109/109
f 539/120/120 27/109/109 521/119/119
f 521/119/119 27/109/109 45/110/110
f 521/119/119 45/110/110 484/118/118
f 484/118/118 45/110/110 82/111/111
f 484/118/118 82/111/111 444/117/117
f 444/117/117 82/111/111 120/112/112
f 444/117/117 120/112/112 400/116/116
f 400/116/116 120/112/112 168/113/113
f 400/116/116 168/113/113 354/115/115
f 354/115/115 168/113/113 212/114/114
f 17/106/106 553/93/93 29/105/105
f 29/105/105 553/93/93 541/94/94
f 29/105/105 541/94/94 47/104/104
f 47/104/104 541/94/94 523/95/95
f 47/104/104 523/95/95 84/103/103
f 84/103/103 523/95/95 486/96/96
f 84/103/103 486/96/96 122/102/102
f 122/102/102 486/96/96 446/97/97
f 122/102/102 446/97/97 170/101/101
f 170/101/101 446/97/97 402/98/98
f 170/101/101 402/98/98 214/100/100
f 214/100/100 402/98/98 356/99/99
f 66/123/123 67/160/160 60/122/122
f 60/122/122 67/160/160 61/161/161
f 60/122/122 61/161/161 64/147/147
f 64/147/147 61/161/161 65/162/162
f 64/147/147 65/162/162 90/146/146
f 90/146/146 65/162/162 91/163/163
f 90/146/146 91/163/163 100/145/145
f 100/145/145 91/163/163 101/164/164
f 100/145/145 101/164/164 138/144/144
f 138/144/144 101/164/164 139/165/165
f 138/144/144 139/165/165 176/143/143
f 176/143/143 139/165/165 177/166/166
f 176/143/143 177/166/166 221/142/142
f 221/142/142 177/166/166 222/167/167
f 221/142/142 222/167/167 340/141/141
f 340/141/141 222/167/167 341/168/168
f 340/141/141 341/168/168 392/140/140
f 392/140/140 341/168/168 393/169/169
f 392/140/140 393/169/169 430/139/139
f 430/139/139 393/169/169 431/170/170
f 430/139/139 431/170/170 466/138/138
f 466/138/138 431/170/170 467/171/171
f 466/138/138 467/171/171 476/137/137
f 476/137/137 467/171/171 477/172/172
f 476/137/137 477/172/172 502/136/136
f 502/136/136 477/172/172 503/173/173
f 502/136/136 503/173/173 508/135/135
f 508/135/135 503/173/173 509/174/174
f 508/175/175 509/148/148 504/134/134
f 504/134/134 509/148/148 505/149/149
f 504/134/134 505/149/149 478/133/133
f 478/133/133 505/149/149 479/150/150
f 478/133/133 479/150/150 468/132/132
f 468/132/132 479/150/150 469/151/151
f 468/132/132 469/151/151 432/131/131
f 432/131/131 469/151/151 433/152/152
f 432/131/131 433/152/152 394/130/130
f 394/130/130 433/152/152 395/153/153
f 394/130/130 395/153/153 344/129/129
f 344/129/129 395/153/153 345/154/154
f 344/129/129 345/154/154 223/128/128
f 223/128/128 345/154/154 224/155/155
f 223/128/128 224/155/155 178/127/127
f 178/127/127 224/155/155 179/156/156
f 178/127/127 179/156/156 140/126/126
f 140/126/126 179/156/156 141/157/157
f 140/126/126 141/157/157 102/125/125
f 102/125/125 141/157/157 103/158/158
f 102/125/125 103/158/158 92/124/124
f 92/124/124 103/158/158 93/159/159
f 92/124/124 93/159/159 66/123/123
f 66/123/123 93/159/159 67/160/160
f 511/177/177 510/227/227 516/176/176
f 516/176/176 510/227/227 515/228/228
f 516/229/229 515/202/202 513/201/201
f 513/201/201 515/202/202 512/203/203
f 513/201/201 512/203/203 491/200/200
f 491/200/200 512/203/203 490/204/204
f 491/200/200 490/204/204 473/199/199
f 473/199/199 490/204/204 472/205/205
f 473/199/199 472/205/205 439/198/198
f 439/198/198 472/205/205 438/206/206
f 439/198/198 438/206/206 399/197/197
f 399/197/197 438/206/206 398/207/207
f 399/197/197 398/207/207 349/196/196
f 349/196/196 398/207/207 348/208/208
f 349/196/196 348/208/208 220/195/195
f 220/195/195 348/208/208 219/209/209
f 220/195/195 219/209/209 175/194/194
f 175/194/194 219/209/209 174/210/210
f 175/194/194 174/210/210 131/193/193
f 131/193/193 174/210/210 130/211/211
f 131/193/193 130/211/211 99/192/192
f 99/192/192 130/211/211 98/212/212
f 99/192/192 98/212/212 81/191/191
f 81/191/191 98/212/212 80/213/213
f 81/191/191 80/213/213 59/190/190
f 59/190/190 80/213/213 58/214/214
f 59/190/190 58/214/214 54/189/189
f 54/189/189 58/214/214 53/215/215
f 54/189/189 53/215/215 57/188/188
f 57/188/188 53/215/215 56/216/216
f 57/188/188 56/216/216 79/187/187
f 79/187/187 56/216/216 78/217/217
f 79/187/187 78/217/217 97/186/186
f 97/186/186 78/217/217 96/218/218
f 97/186/186 96/218/218 129/185/185
f 129/185/185 96/218/218 128/219/219
f 129/185/185 128/219/219 173/184/184
f 173/184/184 128/219/219 172/220/220
f 173/184/184 172/220/220 218/183/183
f 218/183/183 172/220/220 217/221/221
f 218/183/183 217/221/221 347/182/182
f 347/182/182 217/221/221 346/222/222
f 347/182/182 346/222/222 397/181/181
f 397/181/181 346/222/222 396/223/223
f 397/181/181 396/223/223 437/180/180
f 437/180/180 396/223/223 436/224/224
f 437/180/180 436/224/224 471/179/179
f 471/179/179 436/224/224 470/225/225
f 471/179/179 470/225/225 489/178/178
f 489/178/178 470/225/225 488/226/226
f 489/178/178 488/226/226 511/177/177
f 511/177/177 488/226/226 510/227/227
f 505/255/255 509/230/230 516/256/256
f 516/256/256 509/230/230 503/231/231
f 516/256/256 503/231/231 511/281/281
f 511/281/281 503/231/231 477/232/232
f 511/281/281 477/232/232 489/280/280
f 489/280/280 477/232/232 467/233/233
f 489/280/280 467/233/233 471/279/279
f 471/279/279 467/233/233 431/234/234
f 471/279/279 431/234/234 437/278/278
f 437/278/278 431/234/234 393/235/235
f 437/278/278 393/235/235 397/277/277
f 397/277/277 393/235/235 341/236/236
f 397/277/277 341/236/236 347/276/276
f 347/276/276 341/236/236 222/237/237
f 347/276/276 222/237/237 218/275/275
f 218/275/275 222/237/237 173/274/274
f 173/274/274 222/237/237 177/238/238
f 173/274/274 177/238/238 129/273/273
f 129/273/273 177/238/238 139/239/239
f 129/273/273 139/239/239 97/272/272
f 97/272/272 139/239/239 101/240/240
f 97/272/272 101/240/240 79/271/271
f 79/271/271 101/240/240 91/241/241
f 79/271/271 91/241/241 57/270/270
f 57/270/270 91/241/241 65/242/242
f 57/270/270 65/242/242 54/269/269
f 54/269/269 65/242/242 61/243/243
f 54/269/269 61/243/243 67/244/244
f 54/269/269 67/244/244 59/268/268
f 59/268/268 67/244/244 93/245/245
f 59/268/268 93/245/245 81/267/267
f 81/267/267 93/245/245 103/246/246
f 81/267/267 103/246/246 99/266/266
f 99/266/266 103/246/246 141/247/247
f 99/266/266 141/247/247 131/265/265
f 131/265/265 141/247/247 179/248/248
f 131/265/265 179/248/248 175/264/264
f 175/264/264 179/248/248 224/249/249
f 175/264/264 224/249/249 220/263/263
f 220/263/263 224/249/249 345/250/250
f 220/263/263 345/250/250 349/262/262
f 349/262/262 345/250/250 399/261/261
f 399/261/261 345/250/250 395/251/251
f 399/261/261 395/251/251 439/260/260
f 439/260/260 395/251/251 433/252/252
f 439/260/260 433/252/252 473/259/259
f 473/259/259 433/252/252 469/253/253
f 473/259/259 469/253/253 491/258/258
f 491/258/258 469/253/253 479/254/254
f 491/258/258 479/254/254 513/257/257
f 513/257/257 479/254/254 505/255/255
f 513/257/257 505/255/255 516/256/256
f 12/311/311 4/282/282 53/325/325
f 53/325/325 4/282/282 8/283/283
f 53/325/325 8/283/283 56/324/324
f 56/324/324 8/283/283 22/284/284
f 56/324/324 22/284/284 78/323/323
f 78/323/323 22/284/284 40/285/285
f 78/323/323 40/285/285 96/322/322
f 96/322/322 40/285/285 71/286/286
f 96/322/322 71/286/286 128/321/321
f 128/321/321 71/286/286 111/287/287
f 128/321/321 111/287/287 172/320/320
f 172/320/320 111/287/287 163/288/288
f 172/320/320 163/288/288 217/319/319
f 217/319/319 163/288/288 207/289/289
f 217/319/319 207/289/289 361/290/290
f 217/319/319 361/290/290 346/318/318
f 346/318/318 361/290/290 407/291/291
f 346/318/318 407/291/291 396/317/317
f 396/317/317 407/291/291 457/292/292
f 396/317/317 457/292/292 436/316/316
f 436/316/316 457/292/292 497/293/293
f 436/316/316 497/293/293 470/315/315
f 470/315/315 497/293/293 528/294/294
f 470/315/315 528/294/294 488/314/314
f 488/314/314 528/294/294 546/295/295
f 488/314/314 546/295/295 510/313/313
f 510/313/313 546/295/295 560/296/296
f 510/313/313 560/296/296 515/312/312
f 515/312/312 560/296/296 568/338/338
f 515/339/339 568/297/297 564/298/298
f 515/340/340 564/298/298 512/337/337
f 512/337/337 564/298/298 550/299/299
f 512/337/337 550/299/299 490/336/336
f 490/336/336 550/299/299 532/300/300
f 490/336/336 532/300/300 472/335/335
f 472/335/335 532/300/300 501/301/301
f 472/335/335 501/301/301 438/334/334
f 438/334/334 501/301/301 461/302/302
f 438/334/334 461/302/302 398/333/333
f 398/333/333 461/302/302 411/303/303
f 398/333/333 411/303/303 348/332/332
f 348/332/332 411/303/303 365/304/304
f 348/332/332 365/304/304 211/305/305
f 348/332/332 211/305/305 219/331/331
f 219/331/331 211/305/305 167/306/306
f 219/331/331 167/306/306 174/330/330
f 174/330/330 167/306/306 117/307/307
f 174/330/330 117/307/307 130/329/329
f 130/329/329 117/307/307 75/308/308
f 130/329/329 75/308/308 98/328/328
f 98/328/328 75/308/308 44/309/309
f 98/328/328 44/309/309 80/327/327
f 80/327/327 44/309/309 26/310/310
f 80/327/327 26/310/310 58/326/326
f 58/326/326 26/310/310 12/311/311
f 58/326/326 12/311/311 53/325/325
f 36/342/342 31/383/383 32/341/341
f 32/341/341 31/383/383 33/384/384
f 32/341/341 33/384/384 34/368/368
f 34/368/368 33/384/384 49/385/385
f 34/368/368 49/385/385 50/367/367
f 50/367/367 49/385/385 86/386/386
f 50/367/367 86/386/386 87/366/366
f 87/366/366 86/386/386 104/387/387
f 87/366/366 104/387/387 105/365/365
f 105/365/365 104/387/387 148/388/388
f 105/365/365 148/388/388 149/364/364
f 149/364/364 148/388/388 186/389/389
f 149/364/364 186/389/389 187/363/363
f 187/363/363 186/389/389 283/390/390
f 187/363/363 283/390/390 284/362/362
f 284/362/362 283/390/390 378/391/391
f 284/362/362 378/391/391 379/361/361
f 379/361/361 378/391/391 416/392/392
f 379/361/361 416/392/392 417/360/360
f 417/360/360 416/392/392 462/393/393
f 417/360/360 462/393/393 463/359/359
f 463/359/359 462/393/393 480/394/394
f 463/359/359 480/394/394 481/358/358
f 481/358/358 480/394/394 517/395/395
f 481/358/358 517/395/395 518/357/357
f 518/357/357 517/395/395 533/396/396
f 518/357/357 533/396/396 534/356/356
f 534/356/356 533/396/396 538/355/355
f 538/355/355 533/396/396 537/397/397
f 538/398/398 537/369/369 536/354/354
f 536/354/354 537/369/369 535/370/370
f 536/354/354 535/370/370 519/371/371
f 31/383/383 36/342/342 35/382/382
f 35/382/382 36/342/342 52/343/343
f 35/382/382 52/343/343 51/381/381
f 51/381/381 52/343/343 89/344/344
f 51/381/381 89/344/344 88/380/380
f 88/380/380 89/344/344 107/345/345
f 88/380/380 107/345/345 106/379/379
f 106/379/379 107/345/345 151/346/346
f 106/379/379 151/346/346 150/378/378
f 150/378/378 151/346/346 189/347/347
f 150/378/378 189/347/347 188/377/377
f 188/377/377 189/347/347 294/348/348
f 188/377/377 294/348/348 293/376/376
f 293/376/376 294/348/348 381/349/349
f 293/376/376 381/349/349 380/375/375
f 380/375/375 381/349/349 419/350/350
f 380/375/375 419/350/350 418/374/374
f 418/374/374 419/350/350 465/351/351
f 418/374/374 465/351/351 464/373/373
f 464/373/373 465/351/351 483/352/352
f 464/373/373 483/352/352 482/372/372
f 482/372/372 483/352/352 520/353/353
f 482/372/372 520/353/353 519/371/371
f 519/371/371 520/353/353 536/354/354
f 12/400/400 11/458/458 4/399/399
f 4/399/399 11/458/458 3/429/429
f 4/399/399 3/429/429 8/428/428
f 8/428/428 3/429/429 7/430/430
f 8/428/428 7/430/430 22/427/427
f 22/427/427 7/430/430 21/431/431
f 22/427/427 21/431/431 40/426/426
f 40/426/426 21/431/431 39/432/432
f 40/426/426 39/432/432 71/425/425
f 71/425/425 39/432/432 70/433/433
f 71/425/425 70/433/433 111/424/424
f 111/424/424 70/433/433 110/434/434
f 111/424/424 110/434/434 163/423/423
f 163/423/423 110/434/434 162/435/435
f 163/423/423 162/435/435 207/422/422
f 207/422/422 162/435/435 206/436/436
f 207/422/422 206/436/436 361/421/421
f 361/421/421 206/436/436 360/437/437
f 361/421/421 360/437/437 407/420/420
f 407/420/420 360/437/437 406/438/438
f 407/420/420 406/438/438 457/419/419
f 457/419/419 406/438/438 456/439/439
f 457/419/419 456/439/439 497/418/418
f 497/418/418 456/439/439 496/440/440
f 497/418/418 496/440/440 528/417/417
f 528/417/417 496/440/440 527/441/441
f 528/417/417 527/441/441 546/416/416
f 546/416/416 527/441/441 545/442/442
f 546/416/416 545/442/442 560/415/415
f 560/415/415 545/442/442 559/443/443
f 560/415/415 559/443/443 568/414/414
f 568/414/414 559/443/443 567/459/459
f 568/460/460 567/444/444 564/413/413
f 564/413/413 567/444/444 563/445/445
f 564/413/413 563/445/445 550/412/412
f 550/412/412 563/445/445 549/446/446
f 550/412/412 549/446/446 532/411/411
f 532/411/411 549/446/446 531/447/447
f 532/411/411 531/447/447 501/410/410
f 501/410/410 531/447/447 500/448/448
f 501/410/410 500/448/448 461/409/409
f 461/409/409 500/448/448 460/449/449
f 461/409/409 460/449/449 411/408/408
f 411/408/408 460/449/449 410/450/450
f 411/408/408 410/450/450 365/407/407
f 365/407/407 410/450/450 364/451/451
f 365/407/407 364/451/451 211/406/406
f 211/406/406 364/451/451 210/452/452
f 211/406/406 210/452/452 167/405/405
f 167/405/405 210/452/452 166/453/453
f 167/405/405 166/453/453 117/404/404
f 117/404/404 166/453/453 116/454/454
f 117/404/404 116/454/454 75/403/403
f 75/403/403 116/454/454 74/455/455
f 75/403/403 74/455/455 44/402/402
f 44/402/402 74/455/455 43/456/456
f 44/402/402 43/456/456 26/401/401
f 26/401/401 43/456/456 25/457/457
f 26/401/401 25/457/457 12/400/400
f 12/400/400 25/457/457 11/458/458
f 7/490/490 3/519/519 32/491/491
f 32/520/520 3/461/461 11/462/462
f 32/521/521 11/462/462 36/518/518
f 36/518/518 11/462/462 25/463/463
f 36/518/518 25/463/463 52/517/517
f 52/517/517 25/463/463 43/464/464
f 52/517/517 43/464/464 89/516/516
f 89/516/516 43/464/464 74/465/465
f 89/516/516 74/465/465 107/515/515
f 107/515/515 74/465/465 116/466/466
f 107/515/515 116/466/466 151/514/514
f 151/514/514 116/466/466 166/467/467
f 151/514/514 166/467/467 189/513/513
f 189/513/513 166/467/467 210/468/468
f 189/513/513 210/468/468 294/512/512
f 294/512/512 210/468/468 364/469/469
f 294/512/512 364/469/469 381/511/511
f 381/511/511 364/469/469 410/470/470
f 381/511/511 410/470/470 419/510/510
f 419/510/510 410/470/470 460/471/471
f 419/510/510 460/471/471 465/509/509
f 465/509/509 460/471/471 500/472/472
f 465/509/509 500/472/472 483/508/508
f 483/508/508 500/472/472 531/473/473
f 483/508/508 531/473/473 520/507/507
f 520/507/507 531/473/473 549/474/474
f 520/507/507 549/474/474 536/506/506
f 536/506/506 549/474/474 563/475/475
f 536/506/506 563/475/475 538/505/505
f 538/505/505 563/475/475 567/476/476
f 538/505/505 567/476/476 559/477/477
f 538/505/505 559/477/477 534/504/504
f 534/504/504 559/477/477 545/478/478
f 534/504/504 545/478/478 518/503/503
f 518/503/503 545/478/478 527/479/479
f 518/503/503 527/479/479 481/502/502
f 481/502/502 527/479/479 496/480/480
f 481/502/502 496/480/480 463/501/501
f 463/501/501 496/480/480 456/481/481
f 463/501/501 456/481/481 417/500/500
f 417/500/500 456/481/481 406/482/482
f 417/500/500 406/482/482 379/499/499
f 379/499/499 406/482/482 360/483/483
f 379/499/499 360/483/483 284/498/498
f 284/498/498 360/483/483 206/484/484
f 284/498/498 206/484/484 187/497/497
f 187/497/497 206/484/484 162/485/485
f 187/497/497 162/485/485 149/496/496
f 149/496/496 162/485/485 110/486/486
f 149/496/496 110/486/486 105/495/495
f 105/495/495 110/486/486 70/487/487
f 105/495/495 70/487/487 87/494/494
f 87/494/494 70/487/487 39/488/488
f 87/494/494 39/488/488 50/493/493
f 50/493/493 39/488/488 21/489/489
f 50/493/493 21/489/489 34/492/492
f 34/492/492 21/489/489 7/490/490
f 34/492/492 7/490/490 32/491/491
f 558/523/523 557/581/581 566/522/522
f 566/522/522 557/581/581 565/582/582
f 566/583/583 565/552/552 562/551/551
f 562/551/551 565/552/552 561/553/553
f 562/551/551 561/553/553 548/550/550
f 548/550/550 561/553/553 547/554/554
f 548/550/550 547/554/554 530/549/549
f 530/549/549 547/554/554 529/555/555
f 530/549/549 529/555/555 499/548/548
f 499/548/548 529/555/555 498/556/556
f 499/548/548 498/556/556 459/547/547
f 459/547/547 498/556/556 458/557/557
f 459/547/547 458/557/557 409/546/546
f 409/546/546 458/557/557 408/558/558
f 409/546/546 408/558/558 363/545/545
f 363/545/545 408/558/558 362/559/559
f 363/545/545 362/559/559 209/544/544
f 209/544/544 362/559/559 208/560/560
f 209/544/544 208/560/560 165/543/543
f 165/543/543 208/560/560 164/561/561
f 165/543/543 164/561/561 115/542/542
f 115/542/542 164/561/561 114/562/562
f 115/542/542 114/562/562 73/541/541
f 73/541/541 114/562/562 72/563/563
f 73/541/541 72/563/563 42/540/540
f 42/540/540 72/563/563 41/564/564
f 42/540/540 41/564/564 24/539/539
f 24/539/539 41/564/564 23/565/565
f 24/539/539 23/565/565 10/538/538
f 10/538/538 23/565/565 9/566/566
f 10/538/538 9/566/566 2/537/537
f 2/537/537 9/566/566 1/567/567
f 2/537/537 1/567/567 6/536/536
f 6/536/536 1/567/567 5/568/568
f 6/536/536 5/568/568 20/535/535
f 20/535/535 5/568/568 19/569/569
f 20/535/535 19/569/569 38/534/534
f 38/534/534 19/569/569 37/570/570
f 38/534/534 37/570/570 69/533/533
f 69/533/533 37/570/570 68/571/571
f 69/533/533 68/571/571 109/532/532
f 109/532/532 68/571/571 108/572/572
f 109/532/532 108/572/572 161/531/531
f 161/531/531 108/572/572 160/573/573
f 161/531/531 160/573/573 205/530/530
f 205/530/530 160/573/573 204/574/574
f 205/530/530 204/574/574 359/529/529
f 359/529/529 204/574/574 358/575/575
f 359/529/529 358/575/575 405/528/528
f 405/528/528 358/575/575 404/576/576
f 405/528/528 404/576/576 455/527/527
f 455/527/527 404/576/576 454/577/577
f 455/527/527 454/577/577 495/526/526
f 495/526/526 454/577/577 494/578/578
f 495/526/526 494/578/578 526/525/525
f 526/525/525 494/578/578 525/579/579
f 526/525/525 525/579/579 544/524/524
f 544/524/524 525/579/579 543/580/580
f 544/524/524 543/580/580 558/523/523
f 558/523/523 543/580/580 557/581/581
f 124/585/585 5/619/619 112/584/584
f 112/584/584 5/619/619 1/620/620
f 112/584/584 1/620/620 9/621/621
f 5/619/619 124/585/585 19/618/618
f 19/618/618 124/585/585 134/586/586
f 19/618/618 134/586/586 37/617/617
f 37/617/617 134/586/586 68/616/616
f 68/616/616 134/586/586 156/587/587
f 68/616/616 156/587/587 108/615/615
f 108/615/615 156/587/587 190/588/588
f 108/615/615 190/588/588 160/614/614
f 160/614/614 190/588/588 252/589/589
f 160/614/614 252/589/589 204/613/613
f 204/613/613 252/589/589 358/612/612
f 358/612/612 252/589/589 366/590/590
f 358/612/612 366/590/590 404/611/611
f 404/611/611 366/590/590 388/591/591
f 404/611/611 388/591/591 454/610/610
f 454/610/610 388/591/591 494/609/609
f 494/609/609 388/591/591 422/592/592
f 494/609/609 422/592/592 525/608/608
f 525/608/608 422/592/592 440/593/593
f 525/608/608 440/593/593 543/607/607
f 543/607/607 440/593/593 557/606/606
f 557/606/606 440/593/593 450/594/594
f 557/606/606 450/594/594 565/605/605
f 565/605/605 450/594/594 452/595/595
f 565/605/605 452/595/595 561/634/634
f 561/634/634 452/595/595 442/596/596
f 561/634/634 442/596/596 547/633/633
f 547/633/633 442/596/596 529/632/632
f 529/632/632 442/596/596 424/597/597
f 529/632/632 424/597/597 498/631/631
f 498/631/631 424/597/597 390/598/598
f 498/631/631 390/598/598 458/630/630
f 458/630/630 390/598/598 408/629/629
f 408/629/629 390/598/598 368/599/599
f 408/629/629 368/599/599 362/628/628
f 362/628/628 368/599/599 254/600/600
f 362/628/628 254/600/600 208/627/627
f 208/627/627 254/600/600 164/626/626
f 164/626/626 254/600/600 192/601/601
f 164/626/626 192/601/601 114/625/625
f 114/625/625 192/601/601 158/602/602
f 114/625/625 158/602/602 72/624/624
f 72/624/624 158/602/602 136/603/603
f 72/624/624 136/603/603 41/623/623
f 41/623/623 136/603/603 23/622/622
f 23/622/622 136/603/603 126/604/604
f 23/622/622 126/604/604 9/621/621
f 9/621/621 126/604/604 112/584/584
f 533/636/636 558/692/692 537/635/635
f 537/635/635 558/692/692 566/663/663
f 537/635/635 566/663/663 562/664/664
f 558/692/692 533/636/636 544/691/691
f 544/691/691 533/636/636 517/637/637
f 544/691/691 517/637/637 526/690/690
f 526/690/690 517/637/637 480/638/638
f 526/690/690 480/638/638 495/689/689
f 495/689/689 480/638/638 462/639/639
f 495/689/689 462/639/639 455/688/688
f 455/688/688 462/639/639 416/640/640
f 455/688/688 416/640/640 405/687/687
f 405/687/687 416/640/640 378/641/641
f 405/687/687 378/641/641 359/686/686
f 359/686/686 378/641/641 283/642/642
f 359/686/686 283/642/642 205/685/685
f 205/685/685 283/642/642 186/643/643
f 205/685/685 186/643/643 161/684/684
f 161/684/684 186/643/643 148/644/644
f 161/684/684 148/644/644 109/683/683
f 109/683/683 148/644/644 104/645/645
f 109/683/683 104/645/645 69/682/682
f 69/682/682 104/645/645 86/646/646
f 69/682/682 86/646/646 38/681/681
f 38/681/681 86/646/646 49/647/647
f 38/681/681 49/647/647 20/680/680
f 20/680/680 49/647/647 33/648/648
f 20/680/680 33/648/648 6/679/679
f 6/679/679 33/648/648 31/649/649
f 6/679/679 31/649/649 2/678/678
f 2/678/678 31/649/649 10/677/677
f 10/677/677 31/649/649 35/650/650
f 10/677/677 35/650/650 24/676/676
f 24/676/676 35/650/650 51/651/651
f 24/676/676 51/651/651 42/675/675
f 42/675/675 51/651/651 88/652/652
f 42/675/675 88/652/652 73/674/674
f 73/674/674 88/652/652 106/653/653
f 73/674/674 106/653/653 115/673/673
f 115/673/673 106/653/653 150/654/654
f 115/673/673 150/654/654 165/672/672
f 165/672/672 150/654/654 188/655/655
f 165/672/672 188/655/655 209/671/671
f 209/671/671 188/655/655 293/656/656
f 209/671/671 293/656/656 363/670/670
f 363/670/670 293/656/656 380/657/657
f 363/670/670 380/657/657 409/669/669
f 409/669/669 380/657/657 418/658/658
f 409/669/669 418/658/658 459/668/668
f 459/668/668 418/658/658 464/659/659
f 459/668/668 464/659/659 499/667/667
f 499/667/667 464/659/659 482/660/660
f 499/667/667 482/660/660 530/666/666
f 530/666/666 482/660/660 519/661/661
f 530/666/666 519/661/661 548/665/665
f 548/665/665 519/661/661 535/662/662
f 548/665/665 535/662/662 562/664/664
f 562/664/664 535/662/662 537/635/635
f 551/694/694 552/737/737 555/693/693
f 555/693/693 552/737/737 556/753/753
f 555/754/754 556/738/738 553/722/722
f 553/722/722 556/738/738 554/739/739
f 553/722/722 554/739/739 541/721/721
f 541/721/721 554/739/739 542/740/740
f 541/721/721 542/740/740 523/720/720
f 523/720/720 542/740/740 524/741/741
f 523/720/720 524/741/741 486/719/719
f 486/719/719 524/741/741 487/742/742
f 486/719/719 487/742/742 446/718/718
f 446/718/718 487/742/742 447/743/743
f 446/718/718 447/743/743 402/717/717
f 402/717/717 447/743/743 403/744/744
f 402/717/717 403/744/744 356/716/716
f 356/716/716 403/744/744 357/745/745
f 356/716/716 357/745/745 214/715/715
f 214/715/715 357/745/745 215/746/746
f 214/715/715 215/746/746 170/714/714
f 170/714/714 215/746/746 171/747/747
f 170/714/714 171/747/747 122/713/713
f 122/713/713 171/747/747 123/748/748
f 122/713/713 123/748/748 84/712/712
f 84/712/712 123/748/748 85/749/749
f 84/712/712 85/749/749 47/711/711
f 47/711/711 85/749/749 48/750/750
f 47/711/711 48/750/750 29/710/710
f 29/710/710 48/750/750 30/751/751
f 29/710/710 30/751/751 17/709/709
f 17/709/709 30/751/751 18/752/752
f 17/709/709 18/752/752 13/708/708
f 13/708/708 18/752/752 14/723/723
f 13/708/708 14/723/723 15/707/707
f 15/707/707 14/723/723 16/724/724
f 15/707/707 16/724/724 27/706/706
f 27/706/706 16/724/724 28/725/725
f 27/706/706 28/725/725 45/705/705
f 45/705/705 28/725/725 46/726/726
f 45/705/705 46/726/726 82/704/704
f 82/704/704 46/726/726 83/727/727
f 82/704/704 83/727/727 120/703/703
f 120/703/703 83/727/727 121/728/728
f 120/703/703 121/728/728 168/702/702
f 168/702/702 121/728/728 169/729/729
f 168/702/702 169/729/729 212/701/701
f 212/701/701 169/729/729 213/730/730
f 212/701/701 213/730/730 354/700/700
f 354/700/700 213/730/730 355/731/731
f 354/700/700 355/731/731 400/699/699
f 400/699/699 355/731/731 401/732/732
f 400/699/699 401/732/732 444/698/698
f 444/698/698 401/732/732 445/733/733
f 444/698/698 445/733/733 484/697/697
f 484/697/697 445/733/733 485/734/734
f 484/697/697 485/734/734 521/696/696
f 521/696/696 485/734/734 522/735/735
f 521/696/696 522/735/735 539/695/695
f 539/695/695 522/735/735 540/736/736
f 539/695/695 540/736/736 551/694/694
f 551/694/694 540/736/736 552/737/737
f 125/756/756 124/796/796 113/755/755
f 113/755/755 124/796/796 112/797/797
f 113/798/798 112/776/776 127/775/775
f 127/775/775 112/776/776 126/777/777
f 127/775/775 126/777/777 137/774/774
f 137/774/774 126/777/777 136/778/778
f 137/774/774 136/778/778 159/773/773
f 159/773/773 136/778/778 158/779/779
f 159/773/773 158/779/779 193/772/772
f 193/772/772 158/779/779 192/780/780
f 193/772/772 192/780/780 255/771/771
f 255/771/771 192/780/780 254/781/781
f 255/771/771 254/781/781 369/770/770
f 369/770/770 254/781/781 368/782/782
f 369/770/770 368/782/782 391/769/769
f 391/769/769 368/782/782 390/783/783
f 391/769/769 390/783/783 425/768/768
f 425/768/768 390/783/783 424/784/784
f 425/768/768 424/784/784 443/767/767
f 443/767/767 424/784/784 442/785/785
f 443/767/767 442/785/785 453/766/766
f 453/766/766 442/785/785 452/786/786
f 453/766/766 452/786/786 451/765/765
f 451/765/765 452/786/786 450/787/787
f 451/765/765 450/787/787 441/764/764
f 441/764/764 450/787/787 440/788/788
f 441/764/764 440/788/788 423/763/763
f 423/763/763 440/788/788 422/789/789
f 423/763/763 422/789/789 389/762/762
f 389/762/762 422/789/789 388/790/790
f 389/762/762 388/790/790 367/761/761
f 367/761/761 388/790/790 366/791/791
f 367/761/761 366/791/791 253/760/760
f 253/760/760 366/791/791 252/792/792
f 253/760/760 252/792/792 191/759/759
f 191/759/759 252/792/792 190/793/793
f 191/759/759 190/793/793 157/758/758
f 157/758/758 190/793/793 156/794/794
f 157/758/758 156/794/794 135/757/757
f 135/757/757 156/794/794 134/795/795
f 135/757/757 134/795/795 125/756/756
f 125/756/756 134/795/795 124/796/796
f 143/800/800 125/839/839 133/799/799
f 133/799/799 125/839/839 113/819/819
f 133/799/799 113/819/819 127/820/820
f 125/839/839 143/800/800 135/838/838
f 135/838/838 143/800/800 153/801/801
f 135/838/838 153/801/801 157/837/837
f 157/837/837 153/801/801 181/802/802
f 157/837/837 181/802/802 191/836/836
f 191/836/836 181/802/802 196/803/803
f 191/836/836 196/803/803 253/835/835
f 253/835/835 196/803/803 286/804/804
f 253/835/835 286/804/804 367/834/834
f 367/834/834 286/804/804 375/805/805
f 367/834/834 375/805/805 389/833/833
f 389/833/833 375/805/805 385/806/806
f 389/833/833 385/806/806 423/832/832
f 423/832/832 385/806/806 413/807/807
f 423/832/832 413/807/807 441/831/831
f 441/831/831 413/807/807 427/808/808
f 441/831/831 427/808/808 451/830/830
f 451/830/830 427/808/808 435/809/809
f 451/830/830 435/809/809 453/829/829
f 453/829/829 435/809/809 429/810/810
f 453/829/829 429/810/810 443/828/828
f 443/828/828 429/810/810 415/811/811
f 443/828/828 415/811/811 425/827/827
f 425/827/827 415/811/811 387/812/812
f 425/827/827 387/812/812 391/826/826
f 391/826/826 387/812/812 377/813/813
f 391/826/826 377/813/813 369/825/825
f 369/825/825 377/813/813 292/814/814
f 369/825/825 292/814/814 255/824/824
f 255/824/824 292/814/814 198/815/815
f 255/824/824 198/815/815 193/823/823
f 193/823/823 198/815/815 183/816/816
f 193/823/823 183/816/816 159/822/822
f 159/822/822 183/816/816 155/817/817
f 159/822/822 155/817/817 137/821/821
f 137/821/821 155/817/817 145/818/818
f 137/821/821 145/818/818 127/820/820
f 127/820/820 145/818/818 133/799/799
f 142/841/841 143/879/879 132/840/840
f 132/840/840 143/879/879 133/880/880
f 132/881/881 133/860/860 144/859/859
f 144/859/859 133/860/860 145/861/861
f 144/859/859 145/861/861 154/858/858
f 154/858/858 145/861/861 155/862/862
f 154/858/858 155/862/862 182/857/857
f 182/857/857 155/862/862 183/863/863
f 182/857/857 183/863/863 197/856/856
f 197/856/856 183/863/863 198/864/864
f 197/856/856 198/864/864 291/855/855
f 291/855/855 198/864/864 292/865/865
f 291/855/855 292/865/865 376/854/854
f 376/854/854 292/865/865 377/866/866
f 376/854/854 377/866/866 386/853/853
f 386/853/853 377/866/866 387/867/867
f 386/853/853 387/867/867 414/852/852
f 414/852/852 387/867/867 415/868/868
f 414/852/852 415/868/868 428/851/851
f 428/851/851 415/868/868 429/869/869
f 428/851/851 429/869/869 434/850/850
f 434/850/850 429/869/869 435/870/870
f 434/850/850 435/870/870 426/849/849
f 426/849/849 435/870/870 427/871/871
f 426/849/849 427/871/871 412/848/848
f 412/848/848 427/871/871 413/872/872
f 412/848/848 413/872/872 384/847/847
f 384/847/847 413/872/872 385/873/873
f 384/847/847 385/873/873 374/846/846
f 374/846/846 385/873/873 375/874/874
f 374/846/846 375/874/874 285/845/845
f 285/845/845 375/874/874 286/875/875
f 285/845/845 286/875/875 195/844/844
f 195/844/844 286/875/875 196/876/876
f 195/844/844 196/876/876 180/843/843
f 180/843/843 196/876/876 181/877/877
f 180/843/843 181/877/877 152/842/842
f 152/842/842 181/877/877 153/878/878
f 152/842/842 153/878/878 142/841/841
f 142/841/841 153/878/878 143/879/879
f 229/897/897 226/935/935 216/909/909
f 216/936/936 226/882/882 228/883/883
f 216/937/937 228/883/883 225/914/914
f 225/914/914 228/883/883 239/884/884
f 225/914/914 239/884/884 244/916/916
f 244/916/916 239/884/884 258/885/885
f 244/916/916 258/885/885 275/918/918
f 275/918/918 258/885/885 287/886/886
f 275/918/918 287/886/886 313/920/920
f 313/920/920 287/886/886 308/887/887
f 313/920/920 308/887/887 325/888/888
f 313/920/920 325/888/888 332/922/922
f 332/922/922 325/888/888 337/889/889
f 332/922/922 337/889/889 350/924/924
f 350/924/924 337/889/889 339/890/890
f 350/924/924 339/890/890 351/926/926
f 351/926/926 339/890/890 338/891/891
f 351/926/926 338/891/891 333/927/927
f 333/927/927 338/891/891 327/892/892
f 333/927/927 327/892/892 314/929/929
f 314/929/929 327/892/892 311/893/893
f 314/929/929 311/893/893 290/894/894
f 314/929/929 290/894/894 276/931/931
f 276/931/931 290/894/894 262/895/895
f 276/931/931 262/895/895 245/933/933
f 245/933/933 262/895/895 240/896/896
f 245/933/933 240/896/896 227/913/913
f 227/913/913 240/896/896 229/897/897
f 227/913/913 229/897/897 216/909/909
f 201/899/899 203/912/912 194/898/898
f 194/898/898 203/912/912 199/910/910
f 194/898/898 199/910/910 202/938/938
f 202/939/939 199/910/910 216/909/909
f 202/915/915 216/940/940 225/914/914
f 203/912/912 201/899/899 234/934/934
f 234/934/934 201/899/899 243/900/900
f 234/934/934 243/900/900 272/932/932
f 272/932/932 243/900/900 300/901/901
f 272/932/932 300/901/901 320/930/930
f 320/930/930 300/901/901 343/902/902
f 320/930/930 343/902/902 353/928/928
f 353/928/928 343/902/902 373/903/903
f 353/928/928 373/903/903 371/911/911
f 371/911/911 373/903/903 372/904/904
f 371/911/911 372/904/904 370/925/925
f 370/925/925 372/904/904 352/923/923
f 370/925/925 352/923/923 332/922/922
f 332/922/922 352/923/923 313/920/920
f 372/904/904 342/905/905 352/923/923
f 352/923/923 342/905/905 319/921/921
f 352/923/923 319/921/921 313/920/920
f 313/920/920 319/921/921 275/918/918
f 342/905/905 299/906/906 319/921/921
f 319/921/921 299/906/906 271/919/919
f 319/921/921 271/919/919 275/918/918
f 275/918/918 271/919/919 244/916/916
f 299/906/906 242/907/907 271/919/919
f 271/919/919 242/907/907 233/917/917
f 271/919/919 233/917/917 244/916/916
f 244/916/916 233/917/917 225/914/914
f 242/907/907 200/908/908 233/917/917
f 233/917/917 200/908/908 202/915/915
f 233/917/917 202/915/915 225/914/914
f 200/908/908 194/941/941 202/915/915
f 216/909/909 199/910/910 227/913/913
f 227/913/913 199/910/910 203/912/912
f 227/913/913 203/912/912 245/933/933
f 245/933/933 203/912/912 234/934/934
f 245/933/933 234/934/934 276/931/931
f 276/931/931 234/934/934 272/932/932
f 276/931/931 272/932/932 314/929/929
f 314/929/929 272/932/932 320/930/930
f 314/929/929 320/930/930 333/927/927
f 333/927/927 320/930/930 353/928/928
f 333/927/927 353/928/928 351/926/926
f 351/926/926 353/928/928 371/911/911
f 351/926/926 371/911/911 350/924/924
f 350/924/924 371/911/911 370/925/925
f 350/924/924 370/925/925 332/922/922
f 260/957/957 256/942/942 315/950/950
f 315/950/950 256/942/942 261/943/943
f 315/950/950 261/943/943 310/949/949
f 310/949/949 261/943/943 304/948/948
f 304/948/948 261/943/943 296/947/947
f 296/947/947 261/943/943 268/944/944
f 296/947/947 268/944/944 274/945/945
f 274/945/945 289/946/946 296/947/947
f 315/950/950 309/951/951 260/957/957
f 260/957/957 309/951/951 303/952/952
f 260/957/957 303/952/952 295/953/953
f 295/953/953 288/954/954 260/957/957
f 260/957/957 288/954/954 267/956/956
f 267/956/956 288/954/954 273/955/955
f 226/958/958 232/959/959 228/995/995
f 228/995/995 232/959/959 235/998/998
f 228/995/995 235/998/998 247/1001/1001
f 247/1001/1001 235/998/998 237/997/997
f 247/1001/1001 237/997/997 249/1000/1000
f 249/1000/1000 237/997/997 250/996/996
f 249/1000/1000 250/996/996 259/999/999
f 259/999/999 250/996/996 260/962/962
f 259/999/999 260/962/962 267/963/963
f 235/998/998 232/959/959 237/997/997
f 237/997/997 232/959/959 241/960/960
f 237/997/997 241/960/960 250/996/996
f 250/996/996 241/960/960 256/961/961
f 250/996/996 256/961/961 260/962/962
f 259/999/999 267/963/963 270/1002/1002
f 270/1002/1002 267/963/963 273/964/964
f 270/1002/1002 273/964/964 282/1005/1005
f 282/1005/1005 273/964/964 288/965/965
f 282/1005/1005 288/965/965 298/1008/1008
f 298/1008/1008 288/965/965 295/966/966
f 298/1008/1008 295/966/966 303/967/967
f 298/1008/1008 303/967/967 312/1011/1011
f 312/1011/1011 303/967/967 309/968/968
f 312/1011/1011 309/968/968 317/1014/1014
f 317/1014/1014 309/968/968 315/969/969
f 317/1014/1014 315/969/969 321/1017/1017
f 321/1017/1017 315/969/969 310/970/970
f 321/1017/1017 310/970/970 316/1020/1020
f 316/1020/1020 310/970/970 304/971/971
f 316/1020/1020 304/971/971 307/1023/1023
f 307/1023/1023 304/971/971 296/972/972
f 307/1023/1023 296/972/972 297/1026/1026
f 297/1026/1026 296/972/972 289/973/973
f 297/1026/1026 289/973/973 281/1029/1029
f 281/1029/1029 289/973/973 274/974/974
f 281/1029/1029 274/974/974 269/1032/1032
f 269/1032/1032 274/974/974 268/975/975
f 269/1032/1032 268/975/975 257/1035/1035
f 257/1035/1035 268/975/975 261/976/976
f 257/1035/1035 261/976/976 251/1038/1038
f 251/1038/1038 261/976/976 256/977/977
f 251/1038/1038 256/977/977 241/978/978
f 251/1038/1038 241/978/978 238/1039/1039
f 238/1039/1039 241/978/978 232/979/979
f 238/1039/1039 232/979/979 236/1040/1040
f 236/1040/1040 232/979/979 229/981/981
f 236/1040/1040 229/981/981 246/1037/1037
f 246/1037/1037 229/981/981 240/982/982
f 246/1037/1037 240/982/982 263/1034/1034
f 263/1034/1034 240/982/982 262/983/983
f 263/1034/1034 262/983/983 277/1031/1031
f 277/1031/1031 262/983/983 290/984/984
f 277/1031/1031 290/984/984 302/1028/1028
f 302/1028/1028 290/984/984 311/985/985
f 302/1028/1028 311/985/985 322/1025/1025
f 322/1025/1025 311/985/985 327/986/986
f 322/1025/1025 327/986/986 329/1022/1022
f 329/1022/1022 327/986/986 338/987/987
f 329/1022/1022 338/987/987 334/1019/1019
f 334/1019/1019 338/987/987 339/988/988
f 334/1019/1019 339/988/988 331/1016/1016
f 331/1016/1016 339/988/988 337/989/989
f 331/1016/1016 337/989/989 324/1013/1013
f 324/1013/1013 337/989/989 325/990/990
f 324/1013/1013 325/990/990 306/1010/1010
f 306/1010/1010 325/990/990 308/991/991
f 306/1010/1010 308/991/991 287/992/992
f 232/979/979 226/980/980 229/981/981
f 306/1010/1010 287/992/992 279/1007/1007
f 279/1007/1007 287/992/992 258/993/993
f 279/1007/1007 258/993/993 264/1004/1004
f 264/1004/1004 258/993/993 239/994/994
f 264/1004/1004 239/994/994 247/1001/1001
f 247/1001/1001 239/994/994 228/995/995
f 264/1004/1004 247/1001/1001 249/1000/1000
f 249/1000/1000 259/999/999 266/1003/1003
f 266/1003/1003 259/999/999 270/1002/1002
f 266/1003/1003 270/1002/1002 280/1006/1006
f 280/1006/1006 270/1002/1002 282/1005/1005
f 280/1006/1006 282/1005/1005 305/1009/1009
f 305/1009/1009 282/1005/1005 298/1008/1008
f 305/1009/1009 298/1008/1008 323/1012/1012
f 323/1012/1012 298/1008/1008 312/1011/1011
f 323/1012/1012 312/1011/1011 328/1015/1015
f 328/1015/1015 312/1011/1011 317/1014/1014
f 328/1015/1015 317/1014/1014 330/1018/1018
f 330/1018/1018 317/1014/1014 321/1017/1017
f 330/1018/1018 321/1017/1017 326/1021/1021
f 326/1021/1021 321/1017/1017 316/1020/1020
f 326/1021/1021 316/1020/1020 318/1024/1024
f 318/1024/1024 316/1020/1020 307/1023/1023
f 318/1024/1024 307/1023/1023 301/1027/1027
f 301/1027/1027 307/1023/1023 297/1026/1026
f 301/1027/1027 297/1026/1026 278/1030/1030
f 278/1030/1030 297/1026/1026 281/1029/1029
f 278/1030/1030 281/1029/1029 265/1033/1033
f 265/1033/1033 281/1029/1029 269/1032/1032
f 265/1033/1033 269/1032/1032 248/1036/1036
f 248/1036/1036 269/1032/1032 257/1035/1035
f 248/1036/1036 257/1035/1035 238/1039/1039
f 238/1039/1039 257/1035/1035 251/1038/1038
f 279/1007/1007 264/1004/1004 266/1003/1003
f 266/1003/1003 264/1004/1004 249/1000/1000
f 279/1007/1007 266/1003/1003 280/1006/1006
f 306/1010/1010 279/1007/1007 280/1006/1006
f 306/1010/1010 280/1006/1006 305/1009/1009
f 324/1013/1013 306/1010/1010 305/1009/1009
f 324/1013/1013 305/1009/1009 323/1012/1012
f 331/1016/1016 324/1013/1013 323/1012/1012
f 331/1016/1016 323/1012/1012 328/1015/1015
f 334/1019/1019 331/1016/1016 328/1015/1015
f 334/1019/1019 328/1015/1015 330/1018/1018
f 329/1022/1022 334/1019/1019 330/1018/1018
f 329/1022/1022 330/1018/1018 326/1021/1021
f 322/1025/1025 329/1022/1022 326/1021/1021
f 322/1025/1025 326/1021/1021 318/1024/1024
f 302/1028/1028 322/1025/1025 318/1024/1024
f 302/1028/1028 318/1024/1024 301/1027/1027
f 277/1031/1031 302/1028/1028 301/1027/1027
f 277/1031/1031 301/1027/1027 278/1030/1030
f 263/1034/1034 277/1031/1031 278/1030/1030
f 263/1034/1034 278/1030/1030 265/1033/1033
f 246/1037/1037 263/1034/1034 265/1033/1033
f 246/1037/1037 265/1033/1033 248/1036/1036
f 236/1040/1040 246/1037/1037 248/1036/1036
f 236/1040/1040 248/1036/1036 238/1039/1039
f 144/1042/1042 201/1071/1071 132/1041/1041
f 132/1041/1041 201/1071/1071 194/1061/1061
f 132/1041/1041 194/1061/1061 142/1060/1060
f 142/1060/1060 194/1061/1061 200/1062/1062
f 142/1060/1060 200/1062/1062 152/1059/1059
f 152/1059/1059 200/1062/1062 180/1058/1058
f 180/1058/1058 200/1062/1062 242/1063/1063
f 180/1058/1058 242/1063/1063 195/1057/1057
f 195/1057/1057 242/1063/1063 285/1056/1056
f 285/1056/1056 242/1063/1063 299/1064/1064
f 285/1056/1056 299/1064/1064 374/1055/1055
f 374/1055/1055 299/1064/1064 342/1065/1065
f 374/1055/1055 342/1065/1065 384/1054/1054
f 384/1054/1054 342/1065/1065 412/1053/1053
f 412/1053/1053 342/1065/1065 372/1066/1066
f 412/1053/1053 372/1066/1066 426/1052/1052
f 426/1052/1052 372/1066/1066 373/1067/1067
f 426/1052/1052 373/1067/1067 434/1051/1051
f 434/1051/1051 373/1067/1067 428/1050/1050
f 428/1050/1050 373/1067/1067 343/1068/1068
f 428/1050/1050 343/1068/1068 414/1049/1049
f 414/1049/1049 343/1068/1068 386/1048/1048
f 386/1048/1048 343/1068/1068 300/1069/1069
f 386/1048/1048 300/1069/1069 376/1047/1047
f 376/1047/1047 300/1069/1069 291/1046/1046
f 291/1046/1046 300/1069/1069 197/1045/1045
f 197/1045/1045 300/1069/1069 243/1070/1070
f 197/1045/1045 243/1070/1070 182/1044/1044
f 182/1044/1044 243/1070/1070 154/1043/1043
f 154/1043/1043 243/1070/1070 201/1071/1071
f 154/1043/1043 201/1071/1071 144/1042/1042

# 568 vertices
# 1071 texture params
# 1071 normals
# 1132 facets

# 1 groups
